"ID"	"POSITION"	"LENGTH"	"SCORE"	"ABS_SCORE"	"SEQUENCE"	"SUB_SCORE"
"1"	"16196"	"26"	"1.1538461446762085"	"1.1538461446762085"	"AAAAGGAAAAGAGGGGATTCGGGTGT"	"1.2,1.2"
"2"	"17308"	"35"	"1.0285714864730835"	"1.0285714864730835"	"ATGACGCAGGGAAGTAAAAAGGGGGGACATAAGGC"	"1.2,1.36,1.36,1.28,1.28,1.32,1.28,1.32,1.4,1.36,1.2"
"3"	"17327"	"26"	"1.192307710647583"	"1.192307710647583"	"AGGGGGGACATAAGGCATGAAATGGA"	"1.24,1.24"
"4"	"18146"	"25"	"1.2000000476837158"	"1.2000000476837158"	"GGCCAACTTGTTCTGGGTTTGGGGG"	"1.2"
"5"	"18491"	"38"	"0.9736841917037964"	"0.9736841917037964"	"CTTTGTTGTTGGTGGGGTAACTGGGGTTATGCTTGCGA"	"1.28,1.48,1.48,1.48,1.48,1.44,1.48,1.44,1.4,1.4,1.44,1.32,1.28,1.28"
"6"	"23925"	"27"	"-1.3333333730697632"	"1.3333333730697632"	"TCCCCCATTTACTAAAAAAAGTCCCCA"	"-1.28,-1.44,-1.28"
"7"	"23937"	"36"	"-0.9444444179534912"	"0.9444444179534912"	"TAAAAAAAGTCCCCATTATATCCCCCTTTGATACAG"	"-1.24,-1.4,-1.4,-1.4,-1.4,-1.36,-1.36,-1.36,-1.36,-1.44,-1.44,-1.24"
"8"	"25329"	"30"	"1.1666666269302368"	"1.1666666269302368"	"TGATGGGGAGGAAGAGGACTGATGGGAAGC"	"1.28,1.4,1.36,1.36,1.4,1.2"
"9"	"27212"	"31"	"1.0"	"1.0"	"TTGCTCGGGGTCACGGTCGTCGGGGCATTAA"	"1.28,1.24,1.24,1.2,1.24,1.24,1.28"
"10"	"32221"	"30"	"1.0"	"1.0"	"TTTTAGGGGCGGCACTGGGTATTGGATTTA"	"1.2,1.2,1.2,1.2,1.2,1.2"
"11"	"34851"	"28"	"1.1428571939468384"	"1.1428571939468384"	"ACGGGTATTGGTGTGGGGCTAGTTGGTC"	"1.24,1.32,1.36,1.2"
"12"	"34860"	"25"	"1.2000000476837158"	"1.2000000476837158"	"GGTGTGGGGCTAGTTGGTCGTGTGG"	"1.2"
"13"	"36889"	"25"	"1.2000000476837158"	"1.2000000476837158"	"GGATGGGCTTGTTGGTGGGATGGAT"	"1.2"
"14"	"38339"	"25"	"1.2400000095367432"	"1.2400000095367432"	"GGAATGGAAGGTCGTACGGAAGGGG"	"1.24"
"15"	"43513"	"36"	"0.9444444179534912"	"0.9444444179534912"	"TTTAACTCTTGGGGGGGATTGGTCGATGGTTTGTAC"	"1.2,1.2,1.2,1.28,1.36,1.36,1.4,1.4,1.48,1.48,1.48,1.28"
"16"	"44842"	"32"	"0.96875"	"0.96875"	"TCTGCTGGTGGAGGTGGGGTTTCGGTCGTTGA"	"1.2,1.2,1.2,1.24,1.2,1.24,1.28,1.2"
"17"	"45651"	"34"	"1.1470588445663452"	"1.1470588445663452"	"GTTGACTGGGGGTTTAATGCTTGGGGTGGTCTTC"	"1.32,1.44,1.44,1.52,1.56,1.56,1.56,1.56,1.4,1.2"
"18"	"58922"	"30"	"1.0333333015441895"	"1.0333333015441895"	"ACAGTGGGGCGATGAAGGAAAAGGGAAGAT"	"1.2,1.2,1.24,1.28,1.24,1.24"
"19"	"71515"	"28"	"1.0714285373687744"	"1.0714285373687744"	"AAAGGGATTTTAAATGAAGCGGGGGAGC"	"1.2,1.2,1.24,1.2"
"20"	"71531"	"25"	"1.2000000476837158"	"1.2000000476837158"	"AAGCGGGGGAGCTAACGGATGGCGG"	"1.2"
"21"	"71533"	"27"	"1.185185194015503"	"1.185185194015503"	"GCGGGGGAGCTAACGGATGGCGGCGGC"	"1.24,1.28,1.28"
"22"	"78972"	"49"	"-1.204081654548645"	"1.204081654548645"	"GTTAATTTTCCTGGCACCCCTCCCCCCCCACACCTGCTATACTAACTCC"	"-1.28,-1.48,-1.64,-1.8,-1.96,-1.96,-2.0,-2.0,-2.08,-2.16,-2.08,-1.96,-2.0,-2.08,-2.16,-2.12,-2.12,-2.0,-1.84,-1.68,-1.52,-1.56,-1.4,-1.32,-1.24"
"23"	"79070"	"31"	"-1.1935484409332275"	"1.1935484409332275"	"AAATCCCTACACGAACTACCCACCCCACTAA"	"-1.28,-1.44,-1.44,-1.48,-1.48,-1.36,-1.24"
"24"	"79078"	"35"	"-1.0"	"1.0"	"ACACGAACTACCCACCCCACTAATCCTCTACAACT"	"-1.2,-1.28,-1.24,-1.28,-1.24,-1.28,-1.32,-1.32,-1.28,-1.32,-1.32"
"25"	"79519"	"26"	"1.2307692766189575"	"1.2307692766189575"	"AGGGCGGGATGAGGCGGTGGACTTGG"	"1.2,1.28"
"26"	"83941"	"25"	"1.2000000476837158"	"1.2000000476837158"	"GGATGTTGTACTGGGGCTTGGGTTG"	"1.2"
"27"	"106242"	"26"	"1.192307710647583"	"1.192307710647583"	"AAGGGGTTAAAGTTGGTATGATGGGA"	"1.24,1.24"
"28"	"110144"	"25"	"1.2000000476837158"	"1.2000000476837158"	"GGTGATTGGTCGATTTGGGGAGGAG"	"1.2"
"29"	"110148"	"29"	"1.137930989265442"	"1.137930989265442"	"ATTGGTCGATTTGGGGAGGAGAAGGGAAC"	"1.24,1.36,1.36,1.36,1.24"
"30"	"110155"	"25"	"1.2000000476837158"	"1.2000000476837158"	"GATTTGGGGAGGAGAAGGGAACTTT"	"1.2"
"31"	"110283"	"27"	"1.185185194015503"	"1.185185194015503"	"TTGGGGCGCCTGTTGGGCAAGAGGGAG"	"1.24,1.24,1.28"
"32"	"110294"	"30"	"1.2666666507720947"	"1.2666666507720947"	"GTTGGGCAAGAGGGAGTTCAATGGGGCGGA"	"1.24,1.36,1.32,1.4,1.36,1.24"
"33"	"111086"	"25"	"1.2000000476837158"	"1.2000000476837158"	"GGTGATGGGGGCCGTGCTGGCGGAG"	"1.2"
"34"	"111091"	"26"	"1.307692289352417"	"1.307692289352417"	"TGGGGGCCGTGCTGGCGGAGTTTGGG"	"1.24,1.36"
"35"	"139926"	"29"	"1.1034482717514038"	"1.1034482717514038"	"CGCGGATTAGGGAAATGGGGTGAGGAATT"	"1.28,1.36,1.32,1.36,1.28"
"36"	"139934"	"26"	"1.1538461446762085"	"1.1538461446762085"	"AGGGAAATGGGGTGAGGAATTCATGA"	"1.2,1.2"
"37"	"141303"	"41"	"0.9756097793579102"	"0.9756097793579102"	"CTTGAACGGAGCATGGGATTGGGGGGTAAATAAATGGATGC"	"1.28,1.48,1.48,1.48,1.44,1.44,1.44,1.48,1.4,1.32,1.32,1.36,1.48,1.48,1.48,1.4,1.24"
"38"	"146007"	"40"	"1.024999976158142"	"1.024999976158142"	"GGTTGAATGATGAAGGGGTAATCGGGGAGATAGAGTGCAT"	"1.2,1.28,1.36,1.36,1.4,1.36,1.36,1.36,1.4,1.36,1.4,1.4,1.4,1.36,1.36,1.2"
"39"	"151972"	"35"	"1.0285714864730835"	"1.0285714864730835"	"GTCGCTTGCGGGGGTGGCTTTTGGGTTGGTTTTAA"	"1.28,1.24,1.24,1.36,1.4,1.44,1.44,1.44,1.4,1.44,1.28"
"40"	"160615"	"26"	"1.2307692766189575"	"1.2307692766189575"	"AGGAGGCGGCGGTGGTGGAGAAGGGA"	"1.28,1.28"
"41"	"199572"	"39"	"0.9487179517745972"	"0.9487179517745972"	"CGTGCATTAGAATGGGGTTTTGGGGGAATATAGTCTCTG"	"1.32,1.52,1.48,1.48,1.44,1.48,1.48,1.48,1.52,1.52,1.44,1.44,1.4,1.4,1.28"
"42"	"200421"	"32"	"0.96875"	"0.96875"	"GAACGTTGTTGGGAACAGTTGGGGGATAAATA"	"1.24,1.2,1.2,1.2,1.24,1.2,1.2,1.2"
"43"	"212328"	"28"	"1.1785714626312256"	"1.1785714626312256"	"GCGGGTGGATATATTTTATGGGGAGGAA"	"1.24,1.28,1.32,1.2"
"44"	"221469"	"37"	"0.8918918967247009"	"0.8918918967247009"	"TTCAAAATATGGTGGGGGATGTAGGGTTTTATATTTT"	"1.2,1.32,1.32,1.36,1.36,1.36,1.36,1.36,1.36,1.36,1.36,1.28,1.2"
"45"	"221995"	"31"	"0.9677419066429138"	"0.9677419066429138"	"TAAAAAGGTAAGGCTCGGGGAAGGGATTCAA"	"1.24,1.24,1.24,1.24,1.2,1.2,1.2"
"46"	"232526"	"26"	"-1.192307710647583"	"1.192307710647583"	"TCCCCCCTTTTAGAATGAAAATCCCA"	"-1.24,-1.24"
"47"	"237610"	"26"	"1.192307710647583"	"1.192307710647583"	"TGGGGATAACTCCGGGAAACCGGGGC"	"1.28,1.24"
"48"	"238100"	"25"	"1.2799999713897705"	"1.2799999713897705"	"GGGGAGGGTCATTGGAAACTGGAAG"	"1.28"
"49"	"238942"	"28"	"1.1428571939468384"	"1.1428571939468384"	"GAAGGTGGGACAGATAATTGGGGTGAAG"	"1.24,1.2,1.2,1.24"
"50"	"240056"	"36"	"1.0555555820465088"	"1.0555555820465088"	"TGAAAAGTGCGGGGATGAGGTGTGGGTAGCGGAGAA"	"1.2,1.32,1.28,1.28,1.32,1.28,1.36,1.4,1.4,1.4,1.44,1.28"
"51"	"240731"	"25"	"1.2000000476837158"	"1.2000000476837158"	"GATGGGGTGACACAGAAGGATAGGG"	"1.2"
"52"	"241005"	"28"	"1.2142857313156128"	"1.2142857313156128"	"TCGGGAGAAGGGGTGCTCTATTAGGGTG"	"1.2,1.32,1.36,1.28"
"53"	"241511"	"25"	"1.2400000095367432"	"1.2400000095367432"	"GCGTGGGGAGACAGTGTCAGGTGGG"	"1.24"
"54"	"241513"	"27"	"1.1481481790542603"	"1.1481481790542603"	"GTGGGGAGACAGTGTCAGGTGGGCAGT"	"1.2,1.2,1.2"
"55"	"241528"	"28"	"1.1071428060531616"	"1.1071428060531616"	"CAGGTGGGCAGTTTGACTGGGGCGGTCG"	"1.24,1.28,1.24,1.2"
"56"	"242061"	"27"	"-1.1111111640930176"	"1.1111111640930176"	"AGCCCCCCTCAAGATGAGATTTCCCAT"	"-1.2,-1.2,-1.24"
"57"	"243631"	"26"	"1.192307710647583"	"1.192307710647583"	"TGGGGATAACTCCGGGAAACCGGGGC"	"1.28,1.24"
"58"	"244121"	"25"	"1.2799999713897705"	"1.2799999713897705"	"GGGGAGGGTCATTGGAAACTGGAAG"	"1.28"
"59"	"244963"	"28"	"1.1428571939468384"	"1.1428571939468384"	"GAAGGTGGGACAGATAATTGGGGTGAAG"	"1.24,1.2,1.2,1.24"
"60"	"246077"	"36"	"1.0555555820465088"	"1.0555555820465088"	"TGAAAAGTGCGGGGATGAGGTGTGGGTAGCGGAGAA"	"1.2,1.32,1.28,1.28,1.32,1.28,1.36,1.4,1.4,1.4,1.44,1.28"
"61"	"246752"	"25"	"1.2000000476837158"	"1.2000000476837158"	"GATGGGGTGACACAGAAGGATAGGG"	"1.2"
"62"	"247026"	"28"	"1.2142857313156128"	"1.2142857313156128"	"TCGGGAGAAGGGGTGCTCTATTAGGGTG"	"1.2,1.32,1.36,1.28"
"63"	"247532"	"25"	"1.2400000095367432"	"1.2400000095367432"	"GCGTGGGGAGACAGTGTCAGGTGGG"	"1.24"
"64"	"247534"	"27"	"1.1481481790542603"	"1.1481481790542603"	"GTGGGGAGACAGTGTCAGGTGGGCAGT"	"1.2,1.2,1.2"
"65"	"247549"	"28"	"1.1071428060531616"	"1.1071428060531616"	"CAGGTGGGCAGTTTGACTGGGGCGGTCG"	"1.24,1.28,1.24,1.2"
"66"	"248082"	"27"	"-1.1111111640930176"	"1.1111111640930176"	"AGCCCCCCTCAAGATGAGATTTCCCAT"	"-1.2,-1.2,-1.24"
"67"	"250778"	"33"	"1.1818181276321411"	"1.1818181276321411"	"AGGTAGAGGGATTAATTGGGCATGGGGAAAAAG"	"1.2,1.36,1.44,1.36,1.36,1.36,1.32,1.32,1.24"
"68"	"251017"	"34"	"1.2058823108673096"	"1.2058823108673096"	"GGCGGCGGTGATGCTACTGGGGCGGGGAGACAAA"	"1.32,1.4,1.48,1.52,1.48,1.4,1.4,1.32,1.24,1.24"
"69"	"251034"	"25"	"1.2000000476837158"	"1.2000000476837158"	"TGGGGCGGGGAGACAAACAAATACG"	"1.2"
"70"	"251438"	"31"	"1.0322580337524414"	"1.0322580337524414"	"TAATTGGTGCTGGTGGGGCGGAAGGTGCGAT"	"1.24,1.24,1.28,1.24,1.28,1.28,1.2"
"71"	"251449"	"25"	"1.2000000476837158"	"1.2000000476837158"	"GGTGGGGCGGAAGGTGCGATTGATG"	"1.2"
"72"	"254266"	"31"	"1.0967742204666138"	"1.0967742204666138"	"GAAAGCGGCGGGCGGGGTTAAATTGGATGAG"	"1.2,1.24,1.24,1.24,1.28,1.24,1.32"
"73"	"254519"	"25"	"1.2000000476837158"	"1.2000000476837158"	"GTGGTTGGGGTGGAAACGATTGGAG"	"1.2"
"74"	"256458"	"26"	"1.2307692766189575"	"1.2307692766189575"	"GGCGATTTTAGGGGAACTTGGAGGGA"	"1.28,1.2"
"75"	"258701"	"26"	"-1.1538461446762085"	"1.1538461446762085"	"TCGTTACCCCCACCCCTAGAGTTGGA"	"-1.2,-1.2"
"76"	"258707"	"25"	"-1.2000000476837158"	"1.2000000476837158"	"CCCCCACCCCTAGAGTTGGAGTATC"	"-1.2"
"77"	"272903"	"27"	"1.1111111640930176"	"1.1111111640930176"	"TAACTTAAACATCGGGTGCGGGGGGTT"	"1.2,1.2,1.2"
"78"	"276224"	"26"	"1.115384578704834"	"1.115384578704834"	"CGTTTTGGGGAAATGGAAGTATGGGC"	"1.2,1.2"
"79"	"293014"	"37"	"-0.7567567825317383"	"0.7567567825317383"	"CGGCATGCTGAACCCCGCCATCCCCGAATTATCTGGT"	"-1.28,-1.2,-1.28,-1.36,-1.32,-1.32,-1.32,-1.36,-1.36,-1.36,-1.32,-1.24,-1.24"
"80"	"296678"	"25"	"1.2000000476837158"	"1.2000000476837158"	"AAAGAGTGGGCAAGTGACGGCGGGG"	"1.2"
"81"	"296681"	"25"	"1.2000000476837158"	"1.2000000476837158"	"GAGTGGGCAAGTGACGGCGGGGCAG"	"1.2"
"82"	"306364"	"31"	"-1.3548387289047241"	"1.3548387289047241"	"TTCTCCCCCCATTTAAATCAGCAACCCCAGC"	"-1.2,-1.36,-1.52,-1.64,-1.64,-1.44,-1.32"
"83"	"310581"	"25"	"1.2000000476837158"	"1.2000000476837158"	"GTTGCGGATGGTAGTGGTTTTGGGG"	"1.2"
"84"	"310583"	"26"	"1.1538461446762085"	"1.1538461446762085"	"TGCGGATGGTAGTGGTTTTGGGGAGT"	"1.2,1.2"
"85"	"310586"	"29"	"1.2068965435028076"	"1.2068965435028076"	"GGATGGTAGTGGTTTTGGGGAGTTTGGTG"	"1.2,1.2,1.2,1.2,1.24"
"86"	"310594"	"27"	"1.1481481790542603"	"1.1481481790542603"	"GTGGTTTTGGGGAGTTTGGTGAAGGTT"	"1.24,1.2,1.2"
"87"	"316692"	"25"	"1.2000000476837158"	"1.2000000476837158"	"TGGCAGAAGGTATTGATGTTGGGGG"	"1.2"
"88"	"318923"	"26"	"1.307692289352417"	"1.307692289352417"	"GGGGATAACTTGTGTATAAGGGCGGG"	"1.24,1.2"
"89"	"319485"	"28"	"1.2857142686843872"	"1.2857142686843872"	"TCGGGCGTTTCGGATTGTTCGGGGGGAG"	"1.24,1.4,1.44,1.36"
"90"	"321601"	"25"	"1.2000000476837158"	"1.2000000476837158"	"GGGTTATGAGTGTGTTTGGGGATGT"	"1.2"
"91"	"321618"	"26"	"1.307692289352417"	"1.307692289352417"	"GGGGATGTGACTAGTCCGGTGCGGGG"	"1.2,1.2"
"92"	"321651"	"28"	"1.1428571939468384"	"1.1428571939468384"	"TTGGTTTGGTCGGTGGTGTCTGGGGTGT"	"1.24,1.24,1.28,1.2"
"93"	"321856"	"27"	"1.1111111640930176"	"1.1111111640930176"	"TTGGCTCGGGGCTTGGTTATGCGGGAT"	"1.2,1.2,1.2"
"94"	"324000"	"36"	"-1.0555555820465088"	"1.0555555820465088"	"GTCATTATATCCCCCCTAATTCTCCCTTAACCTATT"	"-1.24,-1.4,-1.4,-1.36,-1.36,-1.36,-1.44,-1.52,-1.52,-1.52,-1.52,-1.36"
"95"	"330442"	"29"	"1.034482717514038"	"1.034482717514038"	"ATCTGGACGGGGCGCGGTTATGGGAAATT"	"1.2,1.2,1.2,1.24,1.24"
"96"	"330539"	"31"	"1.1935484409332275"	"1.1935484409332275"	"TAAAGGGATTGGCGGGATTGCTGGGGCGATT"	"1.32,1.48,1.44,1.48,1.48,1.36,1.24"
"97"	"330548"	"26"	"1.2307692766189575"	"1.2307692766189575"	"TGGCGGGATTGCTGGGGCGATTTTGG"	"1.2,1.28"
"98"	"330552"	"27"	"1.3703703880310059"	"1.3703703880310059"	"GGGATTGCTGGGGCGATTTTGGCTGGG"	"1.24,1.24,1.24"
"99"	"330561"	"25"	"1.2000000476837158"	"1.2000000476837158"	"GGGGCGATTTTGGCTGGGAATGATG"	"1.2"
"100"	"340630"	"25"	"1.2000000476837158"	"1.2000000476837158"	"GGTGGATTTTGGAAGTTTTGGGGTG"	"1.2"
"101"	"341782"	"28"	"1.0714285373687744"	"1.0714285373687744"	"TTCGGATTCAGGTGGTGGTGCGGGGATA"	"1.2,1.2,1.2,1.24"
"102"	"341792"	"25"	"1.2400000095367432"	"1.2400000095367432"	"GGTGGTGGTGCGGGGATACAAGCGG"	"1.24"
"103"	"348228"	"26"	"-1.1538461446762085"	"1.1538461446762085"	"TCTCGTCCTACCCCAAAATAATCCCA"	"-1.2,-1.2"
"104"	"348232"	"28"	"-1.1071428060531616"	"1.1071428060531616"	"GTCCTACCCCAAAATAATCCCAATCCTG"	"-1.2,-1.32,-1.32,-1.2"
"105"	"351379"	"26"	"1.1538461446762085"	"1.1538461446762085"	"AGTGAAGGGAGGGGCTTTGGCAAAGA"	"1.2,1.2"
"106"	"377757"	"25"	"-1.2000000476837158"	"1.2000000476837158"	"CCATCCAACCTCCGATAGCGCCCCA"	"-1.2"
"107"	"377775"	"29"	"-1.3448275327682495"	"1.3448275327682495"	"CGCCCCATTCATCAACCATTTTTCCCCAC"	"-1.2,-1.32,-1.52,-1.36,-1.24"
"108"	"386467"	"25"	"1.2000000476837158"	"1.2000000476837158"	"GGGGAATTCTTGTTGGGTGTTAGGT"	"1.2"
"109"	"392729"	"37"	"1.0810810327529907"	"1.0810810327529907"	"AATTATTGATGGGGATTTTGGCGGGGCTTGGCGTGTT"	"1.28,1.44,1.4,1.4,1.4,1.48,1.56,1.52,1.52,1.52,1.56,1.4,1.24"
"110"	"393131"	"27"	"1.2592592239379883"	"1.2592592239379883"	"TGGTTGTTGGATGTAGCGGGACGGGGA"	"1.2,1.36,1.28"
"111"	"393135"	"33"	"1.0606060028076172"	"1.0606060028076172"	"TGTTGGATGTAGCGGGACGGGGACGGCGGACAA"	"1.24,1.32,1.24,1.32,1.4,1.32,1.2,1.2,1.2"
"112"	"393145"	"25"	"1.2000000476837158"	"1.2000000476837158"	"AGCGGGACGGGGACGGCGGACAAAG"	"1.2"
"113"	"393147"	"27"	"1.185185194015503"	"1.185185194015503"	"CGGGACGGGGACGGCGGACAAAGCGGA"	"1.2,1.32,1.2"
"114"	"405678"	"26"	"-1.1538461446762085"	"1.1538461446762085"	"ACTAAACCAACCTCACCAAAACCCCA"	"-1.2,-1.2"
"115"	"405681"	"33"	"-1.0909091234207153"	"1.0909091234207153"	"AAACCAACCTCACCAAAACCCCAACATCCTCAC"	"-1.2,-1.2,-1.2,-1.28,-1.28,-1.2,-1.24,-1.24,-1.2"
"116"	"405695"	"31"	"-1.2903225421905518"	"1.2903225421905518"	"AAAACCCCAACATCCTCACAATACCCCAAAC"	"-1.24,-1.4,-1.56,-1.56,-1.56,-1.4,-1.28"
"117"	"405704"	"35"	"-1.0571428537368774"	"1.0571428537368774"	"ACATCCTCACAATACCCCAAACACCCACCAGCTAT"	"-1.2,-1.32,-1.28,-1.36,-1.44,-1.36,-1.24,-1.28,-1.24,-1.24,-1.2"
"118"	"405717"	"26"	"-1.2692307233810425"	"1.2692307233810425"	"ACCCCAAACACCCACCAGCTATGTCC"	"-1.24,-1.32"
"119"	"414968"	"32"	"1.1875"	"1.1875"	"ATCATGGGGACTCGTGCATCGGGGGGTTTTAG"	"1.32,1.48,1.48,1.52,1.52,1.52,1.36,1.24"
"120"	"414988"	"25"	"1.2000000476837158"	"1.2000000476837158"	"GGGGGGTTTTAGAGGACAAAGAAGT"	"1.2"
"121"	"417667"	"33"	"1.0303030014038086"	"1.0303030014038086"	"TAAGTGAGGTAGGGGAAATGGTTGGAGGAGTCA"	"1.2,1.2,1.28,1.36,1.32,1.36,1.32,1.28,1.2"
"122"	"421108"	"38"	"1.0"	"1.0"	"GCGCTAATTATGGGGCTGATTGGGGTCACGGAAGGTGC"	"1.28,1.24,1.24,1.2,1.2,1.28,1.36,1.36,1.36,1.44,1.52,1.52,1.4,1.2"
"123"	"435809"	"25"	"-1.2000000476837158"	"1.2000000476837158"	"CCCGTCATATACATCTCCCTCTCCC"	"-1.2"
"124"	"436777"	"32"	"1.0"	"1.0"	"CCAGAAGGGGCAGCTGTTGGGGTAGCTTTCGG"	"1.2,1.24,1.32,1.32,1.28,1.24,1.32,1.24"
"125"	"448592"	"30"	"1.399999976158142"	"1.399999976158142"	"ATGGGGCTTGTTGGGATTAGTGAAGGGGCA"	"1.24,1.4,1.56,1.56,1.36,1.2"
"126"	"463459"	"26"	"1.1538461446762085"	"1.1538461446762085"	"AGGCGTGGGTGGGGTAGCAGAAATTT"	"1.2,1.2"
"127"	"471944"	"28"	"-1.1071428060531616"	"1.1071428060531616"	"ATTCACTTGATACGCTCCCCCCCAACTT"	"-1.2,-1.24,-1.24,-1.24"
"128"	"471954"	"27"	"-1.1111111640930176"	"1.1111111640930176"	"TACGCTCCCCCCCAACTTGTCGTACTT"	"-1.2,-1.2,-1.2"
"129"	"471958"	"27"	"-1.1481481790542603"	"1.1481481790542603"	"CTCCCCCCCAACTTGTCGTACTTTTCT"	"-1.2,-1.2,-1.2"
"130"	"495538"	"33"	"1.1818181276321411"	"1.1818181276321411"	"AAGTTGTGGGGAATTTGGTTTAAGGGGAGTAAA"	"1.2,1.36,1.52,1.48,1.52,1.52,1.48,1.48,1.32"
"131"	"513513"	"31"	"1.0322580337524414"	"1.0322580337524414"	"AGTTGTGGGGAATTTGGTTTAAGGGAAGTAA"	"1.24,1.24,1.2,1.24,1.24,1.2,1.2"
"132"	"516007"	"29"	"-1.137930989265442"	"1.137930989265442"	"CTTTCCCTAGCAATTCCAACCCCACCTGA"	"-1.28,-1.32,-1.32,-1.28,-1.28"
"133"	"516908"	"31"	"1.225806474685669"	"1.225806474685669"	"GTGGCGGGATTGCTAGTTTGGCGGGGGCTGT"	"1.2,1.28,1.44,1.32,1.24,1.32,1.2"
"134"	"520312"	"30"	"-1.0666667222976685"	"1.0666667222976685"	"TAAATCCCACTCCAAACCCATTCCCTAAAA"	"-1.28,-1.28,-1.28,-1.28,-1.28,-1.28"
"135"	"520880"	"25"	"-1.2400000095367432"	"1.2400000095367432"	"CCCCTTTACTAGCAACCCACAATCC"	"-1.24"
"136"	"521339"	"27"	"1.1481481790542603"	"1.1481481790542603"	"TTGGCTGGGAAGCGGGAATTGGGATGA"	"1.2,1.24,1.24"
"137"	"521345"	"25"	"1.2000000476837158"	"1.2000000476837158"	"GGGAAGCGGGAATTGGGATGATTTG"	"1.2"
"138"	"531721"	"32"	"0.9375"	"0.9375"	"TTCTAATGGGACGGGGATAAGCGGGATTTCAC"	"1.28,1.28,1.28,1.32,1.32,1.28,1.28,1.24"
"139"	"531732"	"26"	"1.192307710647583"	"1.192307710647583"	"CGGGGATAAGCGGGATTTCACTGGGA"	"1.24,1.28"
"140"	"539343"	"34"	"1.1470588445663452"	"1.1470588445663452"	"ATTAAGGGAGGTCGGGAATAGATGGGGAGTTTTT"	"1.2,1.36,1.52,1.52,1.56,1.56,1.44,1.32,1.2,1.2"
"141"	"540584"	"30"	"1.2000000476837158"	"1.2000000476837158"	"GGTATGGGGTCATGAATTTTCAGGGGAAGT"	"1.24,1.32,1.24,1.24,1.28,1.28"
"142"	"542029"	"28"	"1.1071428060531616"	"1.1071428060531616"	"GACGGATATCGGCTGGGGAGTTGGGTCA"	"1.28,1.24,1.2,1.24"
"143"	"544227"	"45"	"1.1111111640930176"	"1.1111111640930176"	"GAAAGTTGTAAATGGTTGGGGGAAGGGGAATTTGGCGGTATTTGC"	"1.24,1.36,1.52,1.68,1.68,1.64,1.64,1.64,1.6,1.68,1.76,1.72,1.8,1.88,1.8,1.72,1.72,1.72,1.56,1.44,1.24"
"144"	"544251"	"27"	"1.4444444179534912"	"1.4444444179534912"	"GGGGAATTTGGCGGTATTTGCTTGGGG"	"1.24,1.24,1.24"
"145"	"552620"	"27"	"-1.2222222089767456"	"1.2222222089767456"	"ATCCCCTTAGAAGAAGTCGCCCCTCCA"	"-1.24,-1.32,-1.32"
"146"	"552639"	"25"	"-1.2000000476837158"	"1.2000000476837158"	"CCCCTCCAAACAGCGCCGCCACAAC"	"-1.2"
"147"	"552703"	"26"	"-1.307692289352417"	"1.307692289352417"	"CCCTGCTCCCGCGAAAAACAATCCCC"	"-1.2,-1.24"
"148"	"553499"	"25"	"1.2000000476837158"	"1.2000000476837158"	"GGGGATGATTGGGCTGGTAATTATG"	"1.2"
"149"	"553738"	"32"	"1.03125"	"1.03125"	"GTAGTGCGGGAGAAAGTGGTTGGGGAAGCGCA"	"1.32,1.28,1.28,1.32,1.24,1.28,1.2,1.24"
"150"	"554009"	"25"	"1.2400000095367432"	"1.2400000095367432"	"GGGTGGGGTGCTGAATGGTTTAATG"	"1.24"
"151"	"555043"	"25"	"1.2000000476837158"	"1.2000000476837158"	"GGGGTGCCGGGAATTGAGATTGGTG"	"1.2"
"152"	"555251"	"32"	"1.25"	"1.25"	"CGGGTGCGGGGCTATTGATGAACGGGGAGATT"	"1.24,1.48,1.52,1.4,1.32,1.32,1.28,1.32"
"153"	"557523"	"33"	"1.0303030014038086"	"1.0303030014038086"	"TATTTGCTGGGGTGGGTTCATCGGGTGTAATTG"	"1.28,1.28,1.32,1.32,1.32,1.32,1.28,1.32,1.36"
"154"	"577069"	"38"	"-0.8947368264198303"	"0.8947368264198303"	"CTCGCGAAACAGACCCCCTTGACCCCGTTGTAGTTACT"	"-1.28,-1.4,-1.36,-1.32,-1.36,-1.28,-1.32,-1.32,-1.28,-1.28,-1.24,-1.24,-1.32,-1.32"
"155"	"582453"	"28"	"-1.1071428060531616"	"1.1071428060531616"	"GTCCAACTCCCCAACCACCTTGACCTTT"	"-1.24,-1.28,-1.28,-1.2"
"156"	"584962"	"30"	"1.0666667222976685"	"1.0666667222976685"	"TTTGCGGGAGAGAGCTTTTGGGGGTTTTGT"	"1.24,1.24,1.24,1.24,1.24,1.28"
"157"	"594292"	"25"	"1.2000000476837158"	"1.2000000476837158"	"GCTGTAACGGTGATGGGCGTTGGGG"	"1.2"
"158"	"594294"	"25"	"1.2000000476837158"	"1.2000000476837158"	"TGTAACGGTGATGGGCGTTGGGGTT"	"1.2"
"159"	"600615"	"32"	"1.21875"	"1.21875"	"ACCAGGGGGATGCGGTTAAGGGAGTATTAGGG"	"1.2,1.2,1.28,1.36,1.36,1.32,1.28,1.24"
"160"	"609971"	"27"	"-1.2592592239379883"	"1.2592592239379883"	"CCTGTCCGACCACCAACCGCAACCCCA"	"-1.2,-1.28,-1.2"
"161"	"609975"	"26"	"-1.192307710647583"	"1.192307710647583"	"TCCGACCACCAACCGCAACCCCAGCA"	"-1.24,-1.24"
"162"	"616159"	"30"	"-1.1333333253860474"	"1.1333333253860474"	"CAAACCAACCCCCACCAAAAATAACCATCA"	"-1.24,-1.28,-1.28,-1.28,-1.32,-1.24"
"163"	"616166"	"25"	"-1.2000000476837158"	"1.2000000476837158"	"ACCCCCACCAAAAATAACCATCAAC"	"-1.2"
"164"	"617044"	"35"	"1.085714340209961"	"1.085714340209961"	"CATGGTTTTGGGGGGGACGAGCTAGAAATGGCAGG"	"1.24,1.32,1.32,1.32,1.24,1.24,1.32,1.28,1.28,1.36,1.28"
"165"	"623234"	"30"	"1.0333333015441895"	"1.0333333015441895"	"AAAAGAGGGTGGTAAAGTGAAGGGGTCATT"	"1.28,1.28,1.24,1.24,1.24,1.2"
"166"	"627673"	"31"	"1.0322580337524414"	"1.0322580337524414"	"CAAATGGGGAAAATGTGACGGGGAGTTTGAC"	"1.28,1.36,1.36,1.36,1.4,1.4,1.2"
"167"	"630723"	"36"	"1.0"	"1.0"	"ACAATTTATTGGGGATTTAATGGGGGATGTAAGACT"	"1.24,1.4,1.44,1.44,1.48,1.48,1.48,1.48,1.52,1.52,1.48,1.32"
"168"	"635193"	"30"	"1.100000023841858"	"1.100000023841858"	"TACTGGGGAATTTTGTAGGTGGAGGGCTTG"	"1.2,1.32,1.28,1.32,1.32,1.2"
"169"	"643115"	"29"	"-1.034482717514038"	"1.034482717514038"	"GCAACAACCCCGTAAGCGAAGCCCCATAT"	"-1.2,-1.24,-1.2,-1.2,-1.2"
"170"	"658555"	"29"	"1.2758620977401733"	"1.2758620977401733"	"GTCGGGGGTGCGCCTTATGGATGGGGAAA"	"1.32,1.44,1.44,1.48,1.32"
"171"	"660654"	"35"	"1.3428571224212646"	"1.3428571224212646"	"TGGGGAAATTGGGATGTTTTAATAGGGGGTTGATA"	"1.2,1.36,1.36,1.36,1.36,1.2,1.2,1.24,1.24,1.24,1.24"
"172"	"662961"	"33"	"-1.2121212482452393"	"1.2121212482452393"	"ATTCCAACCCCGATACCACCAAAACCCATACCA"	"-1.2,-1.32,-1.44,-1.44,-1.36,-1.28,-1.36,-1.44,-1.28"
"173"	"664948"	"28"	"-1.1071428060531616"	"1.1071428060531616"	"AGTCCCCGTGACACCACCAACTCCCGAT"	"-1.28,-1.24,-1.28,-1.28"
"174"	"670470"	"27"	"1.1111111640930176"	"1.1111111640930176"	"TTGAAGGAGGGGAAAGGAAGGTTAGTT"	"1.2,1.2,1.2"
"175"	"679746"	"29"	"1.0689655542373657"	"1.0689655542373657"	"AAAAGGGGCGGGCTAAATGGAAAGGAAAT"	"1.24,1.24,1.24,1.24,1.24"
"176"	"683337"	"31"	"1.0322580337524414"	"1.0322580337524414"	"CATTCGGGGTTGTGGGACATGAGGGAAGTAC"	"1.28,1.36,1.36,1.4,1.4,1.44,1.24"
"177"	"683988"	"25"	"1.2000000476837158"	"1.2000000476837158"	"GGGGGCTTTCTGGGAAATGTATGAG"	"1.2"
"178"	"698282"	"31"	"1.0967742204666138"	"1.0967742204666138"	"TTAAGGTATAATGGTTGGGGAAAGGGTGTTT"	"1.2,1.32,1.32,1.36,1.36,1.28,1.2"
"179"	"698294"	"25"	"1.2000000476837158"	"1.2000000476837158"	"GGTTGGGGAAAGGGTGTTTCTTATG"	"1.2"
"180"	"705697"	"26"	"1.2692307233810425"	"1.2692307233810425"	"TGGGGCTTTTTGATTGGTGGGATTGG"	"1.24,1.32"
"181"	"706249"	"29"	"1.3103448152542114"	"1.3103448152542114"	"GGAGGGAAGACATAAAGTAATGGGGGGAT"	"1.2,1.28,1.36,1.36,1.24"
"182"	"706261"	"35"	"1.0"	"1.0"	"TAAAGTAATGGGGGGATGAAAATGGGAAATAAAAA"	"1.28,1.4,1.4,1.4,1.4,1.36,1.36,1.36,1.36,1.36,1.2"
"183"	"706572"	"25"	"1.2799999713897705"	"1.2799999713897705"	"GGGGGAGACTCCGGAATTGGTCGGG"	"1.28"
"184"	"708272"	"27"	"1.185185194015503"	"1.185185194015503"	"AAGGGTTTGGATTGGGTGAGACGGGTA"	"1.28,1.28,1.28"
"185"	"711296"	"26"	"1.2307692766189575"	"1.2307692766189575"	"GGAGGCAGACGGGGAAAAGGTGTTGG"	"1.2,1.2"
"186"	"714895"	"25"	"1.2000000476837158"	"1.2000000476837158"	"GGAGCTGGGAAATTTGTAAAAGGGG"	"1.2"
"187"	"718443"	"43"	"0.8372092843055725"	"0.8372092843055725"	"CAGTAACGGCCTGGCTAGGGGGAGGGGAAAAAGAATGATTCCA"	"1.2,1.4,1.56,1.52,1.52,1.52,1.52,1.56,1.52,1.44,1.52,1.6,1.64,1.56,1.48,1.52,1.44,1.36,1.2"
"188"	"725789"	"25"	"-1.2000000476837158"	"1.2000000476837158"	"TTTACCCTTAGCCTCTCGTCACCCC"	"-1.2"
"189"	"733886"	"30"	"1.100000023841858"	"1.100000023841858"	"ATGGCGGATTTGATGATGATGGGGGATGGC"	"1.2,1.2,1.2,1.2,1.2,1.2"
"190"	"778800"	"26"	"1.1538461446762085"	"1.1538461446762085"	"ATGGTAGATCGTCGTGGGTATGGGGA"	"1.2,1.2"
"191"	"779840"	"35"	"0.8857142925262451"	"0.8857142925262451"	"ACAGAACCTGGGGAACTGGCTGGGGAGATTTATTA"	"1.2,1.2,1.28,1.28,1.24,1.24,1.24,1.32,1.4,1.4,1.24"
"192"	"781170"	"26"	"1.192307710647583"	"1.192307710647583"	"TGGGGTGGTATCAATTTGGTATGGGC"	"1.28,1.24"
"193"	"781856"	"25"	"1.2000000476837158"	"1.2000000476837158"	"GGGTGGCGGAGGTTATAGAGACGGG"	"1.2"
"194"	"781860"	"47"	"1.085106372833252"	"1.085106372833252"	"GGCGGAGGTTATAGAGACGGGAGGGGGAGAAGGCGATGACGGAGCGA"	"1.32,1.4,1.48,1.52,1.48,1.4,1.4,1.4,1.4,1.36,1.4,1.4,1.4,1.44,1.4,1.36,1.4,1.48,1.52,1.44,1.28,1.2,1.2"
"195"	"785369"	"25"	"1.2000000476837158"	"1.2000000476837158"	"GAAGTAGGCGAAGGTGGTAATGGGG"	"1.2"
"196"	"799324"	"29"	"-1.0689655542373657"	"1.0689655542373657"	"GACTCCCTACGCCGCCTGTTGCCCCACTT"	"-1.2,-1.24,-1.28,-1.24,-1.24"
"197"	"799976"	"25"	"1.2000000476837158"	"1.2000000476837158"	"GCAAGAAAGGGTGAGTGCGATGGGG"	"1.2"
"198"	"799979"	"30"	"1.0333333015441895"	"1.0333333015441895"	"AGAAAGGGTGAGTGCGATGGGGAAGGCACT"	"1.24,1.32,1.24,1.24,1.2,1.2"
"199"	"801762"	"30"	"-1.1333333253860474"	"1.1333333253860474"	"TTAGCCCCGTGATGTACCTTGCCCCCGCGA"	"-1.24,-1.4,-1.36,-1.4,-1.4,-1.24"
"200"	"805389"	"25"	"-1.2000000476837158"	"1.2000000476837158"	"CCGTTCCCCAGAAAATTGGATCCCC"	"-1.2"
"201"	"805757"	"30"	"-1.0666667222976685"	"1.0666667222976685"	"TCACTCATAATTTTTCTCCCCCTCCCTTAG"	"-1.2,-1.32,-1.28,-1.28,-1.24,-1.2"
"202"	"805764"	"25"	"-1.2000000476837158"	"1.2000000476837158"	"TAATTTTTCTCCCCCTCCCTTAGTC"	"-1.2"
"203"	"805767"	"27"	"-1.1111111640930176"	"1.1111111640930176"	"TTTTTCTCCCCCTCCCTTAGTCGTCAA"	"-1.2,-1.2,-1.2"
"204"	"805812"	"25"	"-1.2799999713897705"	"1.2799999713897705"	"CCGCTGATCGTCCGCCGCCGCCCCC"	"-1.28"
"205"	"805815"	"30"	"-1.0333333015441895"	"1.0333333015441895"	"CTGATCGTCCGCCGCCGCCCCCGCCGTATT"	"-1.28,-1.2,-1.2,-1.24,-1.24,-1.24"
"206"	"805822"	"26"	"-1.1538461446762085"	"1.1538461446762085"	"TCCGCCGCCGCCCCCGCCGTATTGTT"	"-1.2,-1.2"
"207"	"808422"	"30"	"1.0"	"1.0"	"TTCGAGCGGGATGAAGGGGATTTGGATTTT"	"1.2,1.2,1.2,1.24,1.2,1.2"
"208"	"808429"	"26"	"1.2692307233810425"	"1.2692307233810425"	"GGGATGAAGGGGATTTGGATTTTCGG"	"1.24,1.2"
"209"	"812922"	"25"	"1.2000000476837158"	"1.2000000476837158"	"TGGGTTTGGGGAGTTATTCTAGTGG"	"1.2"
"210"	"836268"	"30"	"1.2000000476837158"	"1.2000000476837158"	"ATTGGGATTTTTGGGACATATGGGGCGGCG"	"1.32,1.28,1.36,1.44,1.28,1.2"
"211"	"838064"	"26"	"1.1538461446762085"	"1.1538461446762085"	"TTGACGGGGCTCGTGAGGTGATGGGA"	"1.2,1.2"
"212"	"838069"	"27"	"1.4074074029922485"	"1.4074074029922485"	"GGGGCTCGTGAGGTGATGGGACTTGGG"	"1.28,1.24,1.2"
"213"	"847737"	"25"	"1.2000000476837158"	"1.2000000476837158"	"GAAGGGGATATTGCGGGAGTTCTGG"	"1.2"
"214"	"847740"	"25"	"1.2000000476837158"	"1.2000000476837158"	"GGGGATATTGCGGGAGTTCTGGCAG"	"1.2"
"215"	"852142"	"31"	"1.0645161867141724"	"1.0645161867141724"	"GATGCGGACGGGTATTTGGTTGGGGAGCTAA"	"1.32,1.28,1.32,1.28,1.24,1.28,1.2"
"216"	"853146"	"27"	"1.185185194015503"	"1.185185194015503"	"TGGACTGGATTTGATGGGGCAAGGGAT"	"1.28,1.28,1.2"
"217"	"853151"	"26"	"1.1538461446762085"	"1.1538461446762085"	"TGGATTTGATGGGGCAAGGGATGAAA"	"1.2,1.2"
"218"	"855834"	"28"	"-1.1428571939468384"	"1.1428571939468384"	"TCTATCCGATTACCCCTTCCTCCACCAT"	"-1.2,-1.28,-1.24,-1.24"
"219"	"860795"	"25"	"1.2000000476837158"	"1.2000000476837158"	"TTCGTCGGCAAAAAGGGCTAGGGGG"	"1.2"
"220"	"860797"	"38"	"0.9473684430122375"	"0.9473684430122375"	"CGTCGGCAAAAAGGGCTAGGGGGCGAAGGGAAATACCG"	"1.2,1.24,1.2,1.32,1.48,1.52,1.44,1.48,1.48,1.48,1.48,1.4,1.32,1.24"
"221"	"868166"	"29"	"1.1034482717514038"	"1.1034482717514038"	"GTTTGTTGGGCCAAGTGGGGCTGGGAAAA"	"1.28,1.24,1.24,1.24,1.24"
"222"	"868172"	"26"	"1.1538461446762085"	"1.1538461446762085"	"TGGGCCAAGTGGGGCTGGGAAAACGA"	"1.2,1.2"
"223"	"871482"	"28"	"-1.0714285373687744"	"1.0714285373687744"	"GTACCCAAAGCGCCCCACCAAGACCAAA"	"-1.2,-1.24,-1.24,-1.24"
"224"	"882095"	"26"	"-1.1538461446762085"	"1.1538461446762085"	"ACATCCAACTACCAAACGCCCCACCA"	"-1.2,-1.2"
"225"	"883187"	"26"	"1.1538461446762085"	"1.1538461446762085"	"TGGAGAATTTGGATGGGGTAGAAGGA"	"1.2,1.2"
"226"	"902110"	"26"	"1.1538461446762085"	"1.1538461446762085"	"AGGGTGAGCTGATTATTGGCGGGGTA"	"1.2,1.2"
"227"	"902410"	"32"	"1.03125"	"1.03125"	"TTTCAGGAGAGGAATGGGGTGGCGGAAATGAG"	"1.24,1.24,1.24,1.24,1.28,1.32,1.24,1.2"
"228"	"904213"	"31"	"1.0645161867141724"	"1.0645161867141724"	"AGAAAAGGGGGCATTCGCGGGCGTGGTGATT"	"1.2,1.28,1.24,1.28,1.28,1.28,1.28"
"229"	"904864"	"25"	"1.2000000476837158"	"1.2000000476837158"	"GATAGTTACTGGGGATTTAGGTGGG"	"1.2"
"230"	"919941"	"26"	"-1.076923131942749"	"1.076923131942749"	"GAACAGGAACACCGCCAGCCCCCCCG"	"-1.2,-1.2"
"231"	"919948"	"27"	"-1.1111111640930176"	"1.1111111640930176"	"AACACCGCCAGCCCCCCCGGTTAAAGA"	"-1.24,-1.2,-1.2"
"232"	"919959"	"25"	"-1.2000000476837158"	"1.2000000476837158"	"CCCCCCCGGTTAAAGAAGAACCACC"	"-1.2"
"233"	"927931"	"31"	"1.0"	"1.0"	"GAAAAAGAGGGGTGAATACTGTGGGGATACC"	"1.24,1.36,1.36,1.36,1.36,1.28,1.2"
"234"	"971487"	"33"	"1.0606060028076172"	"1.0606060028076172"	"AACGAGCGGGAATAGGCTGGCGGGGGAAAAATA"	"1.24,1.4,1.4,1.44,1.4,1.4,1.36,1.4,1.28"
"235"	"986128"	"36"	"-1.0"	"1.0"	"AATACGAAACCCAAGCGCCACCCCCCATTGAATGAC"	"-1.28,-1.44,-1.44,-1.44,-1.44,-1.36,-1.4,-1.4,-1.4,-1.36,-1.24,-1.2"
"236"	"986143"	"27"	"-1.1111111640930176"	"1.1111111640930176"	"CGCCACCCCCCATTGAATGACCTACTG"	"-1.24,-1.2,-1.2"
"237"	"1020600"	"27"	"1.185185194015503"	"1.185185194015503"	"GTGGTGGGGGCTGCAGTTTCGGTAGGA"	"1.2,1.24,1.24"
"238"	"1020810"	"43"	"1.0232558250427246"	"1.0232558250427246"	"TATTCGATGATTTACGGGGAAGGGGTGGTTGCTGGTTTTGGCG"	"1.28,1.28,1.36,1.44,1.44,1.48,1.48,1.44,1.44,1.48,1.56,1.56,1.56,1.56,1.56,1.68,1.6,1.4,1.28"
"239"	"1020830"	"26"	"1.2307692766189575"	"1.2307692766189575"	"AGGGGTGGTTGCTGGTTTTGGCGTGG"	"1.2,1.28"
"240"	"1022086"	"36"	"1.0277777910232544"	"1.0277777910232544"	"AGAAACAGGATGGGGACACATTGGGGGAATTGATAC"	"1.2,1.36,1.48,1.48,1.48,1.48,1.52,1.56,1.48,1.4,1.4,1.32"
"241"	"1022961"	"30"	"1.0333333015441895"	"1.0333333015441895"	"ATTTAGGGAATTTTGATATTGGGGGAATGA"	"1.2,1.2,1.2,1.2,1.24,1.24"
"242"	"1026770"	"26"	"1.1538461446762085"	"1.1538461446762085"	"TGGGGAACTTGGTGGCTATAACGGGA"	"1.2,1.2"
"243"	"1034676"	"26"	"1.307692289352417"	"1.307692289352417"	"GGGCAAGTGGACTGGTATGTGTGGGG"	"1.2,1.24"
"244"	"1034689"	"25"	"1.2000000476837158"	"1.2000000476837158"	"GGTATGTGTGGGGAAATGGCTGGAG"	"1.2"
"245"	"1037597"	"25"	"1.2400000095367432"	"1.2400000095367432"	"GGTTGGGTTGGATGGATAGGGAATG"	"1.24"
"246"	"1043473"	"33"	"-1.0303030014038086"	"1.0303030014038086"	"GTTCTCCATCCATTTCATCTCCCCCTTCCTAAT"	"-1.2,-1.24,-1.24,-1.32,-1.36,-1.36,-1.28,-1.2,-1.2"
"247"	"1052478"	"34"	"0.9411764740943909"	"0.9411764740943909"	"CACATAAAGGGACAGAAGGAGGGGGAACAGATGA"	"1.24,1.28,1.28,1.28,1.28,1.32,1.32,1.32,1.36,1.24"
"248"	"1061700"	"45"	"1.0666667222976685"	"1.0666667222976685"	"CTATACACTCATGGGGGACGGGGAACTTGCAGAGGGGTCTGTCTG"	"1.2,1.24,1.24,1.24,1.28,1.24,1.28,1.32,1.36,1.52,1.72,1.88,2.04,1.88,1.68,1.52,1.4,1.24,1.2,1.24,1.2"
"249"	"1065781"	"28"	"1.1428571939468384"	"1.1428571939468384"	"ATGGAATAGGCTGGGATTTTTGGGGATT"	"1.28,1.28,1.28,1.2"
"250"	"1066745"	"27"	"1.1481481790542603"	"1.1481481790542603"	"CGGAGACGTGGGGGGCGAAATTTGGTA"	"1.24,1.32,1.24"
"251"	"1076746"	"25"	"-1.2000000476837158"	"1.2000000476837158"	"CATATGACCCAATCGCCCCAACTCC"	"-1.2"
"252"	"1076749"	"29"	"-1.0689655542373657"	"1.0689655542373657"	"ATGACCCAATCGCCCCAACTCCAACAATC"	"-1.2,-1.2,-1.2,-1.24,-1.28"
"253"	"1081091"	"33"	"1.0303030014038086"	"1.0303030014038086"	"AACTTATGGGGAGTTTTAGAAGGGGAAAGAAAT"	"1.32,1.32,1.32,1.36,1.4,1.4,1.4,1.4,1.24"
"254"	"1090248"	"30"	"1.0666667222976685"	"1.0666667222976685"	"ATAATGGGGCAAGTTGGTGGGCTTGGTTTT"	"1.2,1.28,1.28,1.28,1.28,1.28"
"255"	"1100975"	"42"	"0.8333333134651184"	"0.8333333134651184"	"TTCTCATTTGAAATGTGGGGAGGGGCGACTTTTGACGTGGCA"	"1.28,1.24,1.28,1.32,1.28,1.32,1.32,1.32,1.32,1.36,1.32,1.28,1.32,1.32,1.4,1.44,1.4,1.24"
"256"	"1106412"	"25"	"1.2799999713897705"	"1.2799999713897705"	"TGGGGAAGAAGTGAATTAGGGAAGG"	"1.28"
"257"	"1145706"	"26"	"-1.192307710647583"	"1.192307710647583"	"TCCATGCGACCACCCCCTAAGCTCCA"	"-1.24,-1.24"
"258"	"1155377"	"25"	"1.2000000476837158"	"1.2000000476837158"	"GGGGGTAATTTTGGTTTTAGAGTGG"	"1.2"
"259"	"1167032"	"25"	"1.2000000476837158"	"1.2000000476837158"	"GGTAAATGGCTTGGCATCGGCGGGG"	"1.2"
"260"	"1178523"	"35"	"1.085714340209961"	"1.085714340209961"	"CATTTGTCGGGGTGATTATTGGGGCTTGGAATTGG"	"1.2,1.28,1.28,1.36,1.44,1.44,1.4,1.4,1.44,1.36,1.28"
"261"	"1179084"	"27"	"1.1111111640930176"	"1.1111111640930176"	"ATGGGGACACGCTTGGTGCGGGTGGAC"	"1.24,1.24,1.2"
"262"	"1179094"	"29"	"1.034482717514038"	"1.034482717514038"	"GCTTGGTGCGGGTGGACAAATGGGGCAAC"	"1.28,1.2,1.24,1.24,1.2"
"263"	"1185690"	"28"	"1.2142857313156128"	"1.2142857313156128"	"CAGGGGGACTTGGTATGGGTTCAGGTGT"	"1.32,1.4,1.44,1.28"
"264"	"1190399"	"36"	"1.0277777910232544"	"1.0277777910232544"	"TGACTCTGTTGGGGCAGGAATTGGGGAGTATGTGCT"	"1.24,1.4,1.36,1.4,1.44,1.44,1.48,1.52,1.48,1.52,1.48,1.32"
"265"	"1191456"	"27"	"1.1481481790542603"	"1.1481481790542603"	"TTGGTGGAATGGGGATTAGCGGCGGAT"	"1.24,1.24,1.24"
"266"	"1194228"	"25"	"1.2000000476837158"	"1.2000000476837158"	"GGGTAGTTGTTACATTTGGTTGGGG"	"1.2"
"267"	"1194247"	"27"	"1.1111111640930176"	"1.1111111640930176"	"TTGGGGTTTTGCGGTAATGATTGGGAT"	"1.2,1.2,1.2"
"268"	"1204180"	"27"	"1.1111111640930176"	"1.1111111640930176"	"ACGGGATTGGGGATGCGGTAATCGGAC"	"1.24,1.24,1.24"
"269"	"1208368"	"27"	"1.1111111640930176"	"1.1111111640930176"	"TTGGTTGTGGGGCAGTTGGAGGAAGTT"	"1.2,1.2,1.2"
"270"	"1217079"	"26"	"1.1538461446762085"	"1.1538461446762085"	"AGGTGTAATGGGGCTGTTTGATGGGC"	"1.24,1.2"
"271"	"1217858"	"37"	"1.0810810327529907"	"1.0810810327529907"	"ATGAAATGGTAGGGGTTTTTGATGGGGTTAGTAAGAT"	"1.2,1.36,1.52,1.48,1.48,1.48,1.52,1.52,1.44,1.36,1.4,1.4,1.24"
"272"	"1328326"	"26"	"1.1538461446762085"	"1.1538461446762085"	"AGGGAGGTTTCATTAGAGAAAGGGGA"	"1.2,1.2"
"273"	"1331099"	"25"	"1.2000000476837158"	"1.2000000476837158"	"TGTGTACAGTGGTTGGCGGGGGAAG"	"1.2"
"274"	"1344020"	"25"	"1.2000000476837158"	"1.2000000476837158"	"GGTGGCTATGTTCGGATGGCTGGGG"	"1.2"
"275"	"1344032"	"27"	"1.1481481790542603"	"1.1481481790542603"	"CGGATGGCTGGGGAAGATGGCGAGGAA"	"1.24,1.28,1.2"
"276"	"1344479"	"34"	"1.058823585510254"	"1.058823585510254"	"GCTGAGGCTGGGCTAAAAAAGGGGGATGAGGTTC"	"1.28,1.24,1.28,1.32,1.28,1.36,1.36,1.28,1.32,1.28"
"277"	"1353575"	"25"	"1.3200000524520874"	"1.3200000524520874"	"GGGAAATGATAGGGGGTGCAATCGG"	"1.32"
"278"	"1356710"	"26"	"1.1538461446762085"	"1.1538461446762085"	"AAACGGGATGTAAGTGGGGGAACTGT"	"1.2,1.2"
"279"	"1356714"	"25"	"1.2000000476837158"	"1.2000000476837158"	"GGGATGTAAGTGGGGGAACTGTCTT"	"1.2"
"280"	"1390756"	"28"	"1.1785714626312256"	"1.1785714626312256"	"GAAGGGATGACGGTACTTACGGGGGAGA"	"1.28,1.24,1.28,1.28"
"281"	"1395159"	"34"	"1.1470588445663452"	"1.1470588445663452"	"GTTGGCGGTGGGGTTATCGGAATGGAATGGGCTT"	"1.24,1.2,1.2,1.2,1.24,1.28,1.44,1.32,1.24,1.24"
"282"	"1397413"	"32"	"0.9375"	"0.9375"	"CCTTTTGGCGGCGGGGTACACGGGGCACTTTA"	"1.28,1.32,1.4,1.36,1.36,1.36,1.36,1.28"
"283"	"1399367"	"26"	"-1.1538461446762085"	"1.1538461446762085"	"TCTAGATCCATACCCCTAAACTCCCT"	"-1.2,-1.2"
"284"	"1409184"	"37"	"0.9459459185600281"	"0.9459459185600281"	"TTGGTGCTATTTTAATGGGGGTTGGGCTGGAACTTTT"	"1.2,1.32,1.28,1.2,1.2,1.28,1.24,1.28,1.24,1.24,1.24,1.24,1.24"
"285"	"1413629"	"26"	"1.115384578704834"	"1.115384578704834"	"CGGGAGGGGTTTTAAGGTGAAAAAGC"	"1.2,1.2"
"286"	"1415053"	"32"	"1.09375"	"1.09375"	"TCTTCGGGAGGAAGTACGGGGAGAGGCGGCGT"	"1.2,1.28,1.28,1.36,1.44,1.44,1.36,1.24"
"287"	"1416658"	"26"	"1.192307710647583"	"1.192307710647583"	"AGGAAGCGGAAATGGGGGAGAAAGAG"	"1.2,1.24"
"288"	"1426606"	"30"	"1.0"	"1.0"	"ATATTGCTGGGAGACAAGGGGGAAGTTTTT"	"1.2,1.2,1.2,1.2,1.2,1.2"
"289"	"1458380"	"26"	"-1.1538461446762085"	"1.1538461446762085"	"TCTTCATGTTATTCTCCCCCTTCCCG"	"-1.24,-1.2"
"290"	"1458388"	"26"	"-1.192307710647583"	"1.192307710647583"	"TTATTCTCCCCCTTCCCGAGCTTCAC"	"-1.2,-1.24"
"291"	"1460649"	"30"	"-1.6666666269302368"	"1.6666666269302368"	"CCCCCCAACCTTGAAATGCATAAGCCCCCC"	"-1.2,-1.2,-1.2,-1.2,-1.2,-1.2"
"292"	"1497819"	"29"	"-1.1724138259887695"	"1.1724138259887695"	"TCGCCCCAATCAATCTCTGTTTCCCCGTC"	"-1.2,-1.36,-1.28,-1.32,-1.2"
"293"	"1516091"	"39"	"-0.8717948794364929"	"0.8717948794364929"	"ATTAAAATGCTATCCCCTTGCCCCACATCAATAAAACTA"	"-1.24,-1.28,-1.28,-1.28,-1.32,-1.32,-1.32,-1.32,-1.32,-1.36,-1.32,-1.32,-1.36,-1.36,-1.2"
"294"	"1534426"	"28"	"-1.1071428060531616"	"1.1071428060531616"	"AAACCATCCGTTCAAGCCCCATCCCTGT"	"-1.28,-1.28,-1.24,-1.24"
"295"	"1549114"	"34"	"1.029411792755127"	"1.029411792755127"	"GCTCATTGGGTTTGGGGTGATGGCGGTTGGTTAC"	"1.2,1.24,1.28,1.28,1.4,1.48,1.48,1.48,1.36,1.2"
"296"	"1549411"	"25"	"1.2000000476837158"	"1.2000000476837158"	"GGTTGGGGTTTGGTTGAATGGTTGA"	"1.2"
"297"	"1549634"	"27"	"1.1111111640930176"	"1.1111111640930176"	"ACGGAATCGGAGGTATTTGGGGAGGTA"	"1.2,1.2,1.24"
"298"	"1561429"	"32"	"-1.0"	"1.0"	"CACATTACCCCACCTCTCAACCTTCCTATTAT"	"-1.2,-1.24,-1.24,-1.2,-1.2,-1.2,-1.2,-1.2"
"299"	"1569637"	"33"	"-1.0303030014038086"	"1.0303030014038086"	"AAGCCATACCCCCGTTCCGAGTACCCGTTCTCT"	"-1.2,-1.32,-1.28,-1.32,-1.24,-1.2,-1.2,-1.24,-1.24"
"300"	"1573133"	"28"	"-1.1428571939468384"	"1.1428571939468384"	"CTACCATACCGTCCCCACCATTACCAGC"	"-1.28,-1.24,-1.2,-1.24"
"301"	"1575431"	"27"	"-1.0740740299224854"	"1.0740740299224854"	"AGCCCCGATAAATGCCCCAATAAACTG"	"-1.2,-1.2,-1.2"
"302"	"1575565"	"32"	"-1.21875"	"1.21875"	"ACACACCCATTGTAACACCCAGCCCCCAAGCT"	"-1.24,-1.4,-1.52,-1.52,-1.48,-1.44,-1.36,-1.24"
"303"	"1612398"	"28"	"-1.0714285373687744"	"1.0714285373687744"	"TCGCCATCAACTTCACCCCCTACTCCAG"	"-1.2,-1.28,-1.24,-1.2"
"304"	"1615776"	"29"	"-1.0"	"1.0"	"GGACCCCGCCGCAGAACCCCGACCTGGAC"	"-1.24,-1.28,-1.32,-1.32,-1.24"
"305"	"1623173"	"29"	"1.0"	"1.0"	"TACTGGGGAATGTGGGTAGTTAAGGAATC"	"1.2,1.2,1.2,1.24,1.2"
"306"	"1626383"	"31"	"-1.0"	"1.0"	"AGAAACCGTCGTCCATCCCCATCCCAGAAAC"	"-1.24,-1.24,-1.24,-1.24,-1.24,-1.24,-1.2"
"307"	"1626391"	"25"	"-1.2000000476837158"	"1.2000000476837158"	"TCGTCCATCCCCATCCCAGAAACAC"	"-1.2"
"308"	"1630099"	"32"	"-0.96875"	"0.96875"	"AAAGCGTCCCCGTTCGCCCAAGCCCAGTCTGC"	"-1.24,-1.24,-1.2,-1.2,-1.28,-1.24,-1.24,-1.28"
"309"	"1633747"	"42"	"-0.8333333134651184"	"0.8333333134651184"	"TGAAACTTTCATCCTAACCCCTCCCCGTTAATTATTAAATGA"	"-1.32,-1.48,-1.48,-1.48,-1.48,-1.48,-1.44,-1.44,-1.44,-1.44,-1.4,-1.4,-1.4,-1.32,-1.24,-1.24,-1.2,-1.2"
"310"	"1653379"	"33"	"-0.9090909361839294"	"0.9090909361839294"	"TAGAGTGTCCCCTACCCCTTTTTCATTATAAAA"	"-1.2,-1.2,-1.2,-1.24,-1.24,-1.28,-1.28,-1.32,-1.32"
"311"	"1656785"	"27"	"-1.1111111640930176"	"1.1111111640930176"	"TATACCATGCGATAACCCCCTACCCAG"	"-1.28,-1.28,-1.2"
"312"	"1659935"	"25"	"-1.2400000095367432"	"1.2400000095367432"	"CCCCAAAACGGTCAAACATTACCCC"	"-1.24"
"313"	"1668153"	"35"	"-0.9428571462631226"	"0.9428571462631226"	"TAGCTAATGCCCCACCTTTTGCCCCAAAAAGTAAA"	"-1.36,-1.36,-1.36,-1.4,-1.36,-1.36,-1.32,-1.32,-1.32,-1.36,-1.2"
"314"	"1700546"	"26"	"-1.1538461446762085"	"1.1538461446762085"	"ACCCCCTTCTTCTAGCGCTTCCTCCA"	"-1.2,-1.2"
"315"	"1712651"	"25"	"-1.2000000476837158"	"1.2000000476837158"	"CTCCCCTTCGCCCATGATACGCTCC"	"-1.2"
"316"	"1722332"	"28"	"-1.6071428060531616"	"1.6071428060531616"	"CCCCATCTCCCTTTTTTAAAAGTCCCCC"	"-1.32,-1.32,-1.32,-1.32"
"317"	"1722349"	"33"	"-1.1818181276321411"	"1.1818181276321411"	"AAAAGTCCCCCAATTATTTTATCCCCATTCCTA"	"-1.24,-1.4,-1.4,-1.4,-1.4,-1.52,-1.6,-1.44,-1.28"
"318"	"1722677"	"26"	"-1.3461538553237915"	"1.3461538553237915"	"CCCGTTAAGATATTCCAACCACCCCC"	"-1.24,-1.28"
"319"	"1722685"	"31"	"-0.9677419066429138"	"0.9677419066429138"	"GATATTCCAACCACCCCCGCGAACCGCGTCT"	"-1.2,-1.2,-1.24,-1.2,-1.2,-1.24,-1.24"
"320"	"1730989"	"31"	"-1.1612902879714966"	"1.1612902879714966"	"GTTGCCCCGAAAAAGACCCCTGTTCCCTTTT"	"-1.2,-1.36,-1.48,-1.48,-1.52,-1.36,-1.2"
"321"	"1732420"	"29"	"1.034482717514038"	"1.034482717514038"	"TTATGGCAGGATTCTTTATGGGGGGAATT"	"1.2,1.2,1.2,1.2,1.2"
"322"	"1736689"	"25"	"-1.2000000476837158"	"1.2000000476837158"	"CCGCCCCGTCCCAATAAGAAAATCC"	"-1.2"
"323"	"1739333"	"27"	"-1.1111111640930176"	"1.1111111640930176"	"TTTCTCCCCAAGTCTCGGATACCCCAA"	"-1.2,-1.2,-1.2"
"324"	"1740835"	"25"	"-1.2000000476837158"	"1.2000000476837158"	"CCTTTAGCCCCCATTAGATACCTCC"	"-1.2"
"325"	"1743197"	"27"	"1.1111111640930176"	"1.1111111640930176"	"ATGGGAAATCTCATCTTGAGGGGGGCT"	"1.24,1.2,1.2"
"326"	"1743729"	"28"	"-1.1071428060531616"	"1.1071428060531616"	"CGACCGCCCCAGTCAAACTGCCCACCTG"	"-1.2,-1.24,-1.28,-1.24"
"327"	"1743745"	"27"	"-1.1481481790542603"	"1.1481481790542603"	"ACTGCCCACCTGACACTGTCTCCCCAC"	"-1.2,-1.2,-1.2"
"328"	"1743749"	"25"	"-1.2400000095367432"	"1.2400000095367432"	"CCCACCTGACACTGTCTCCCCACGC"	"-1.24"
"329"	"1744252"	"28"	"-1.2142857313156128"	"1.2142857313156128"	"CACCCTAATAGAGCACCCCTTCTCCCGA"	"-1.28,-1.36,-1.32,-1.2"
"330"	"1744529"	"25"	"-1.2000000476837158"	"1.2000000476837158"	"CCCTATCCTTCTGTGTCACCCCATC"	"-1.2"
"331"	"1745193"	"36"	"-1.0555555820465088"	"1.0555555820465088"	"TTCTCCGCTACCCACACCTCATCCCCGCACTTTTCA"	"-1.28,-1.44,-1.4,-1.4,-1.4,-1.36,-1.28,-1.32,-1.28,-1.28,-1.32,-1.2"
"332"	"1746315"	"28"	"-1.1428571939468384"	"1.1428571939468384"	"CTTCACCCCAATTATCTGTCCCACCTTC"	"-1.24,-1.2,-1.2,-1.24"
"333"	"1747160"	"25"	"-1.2799999713897705"	"1.2799999713897705"	"CTTCCAGTTTCCAATGACCCTCCCC"	"-1.28"
"334"	"1747649"	"26"	"-1.192307710647583"	"1.192307710647583"	"GCCCCGGTTTCCCGGAGTTATCCCCA"	"-1.24,-1.28"
"335"	"1756156"	"31"	"-1.0967742204666138"	"1.0967742204666138"	"TATCTACCTGTGCTCCCTACCCCGCCAACAC"	"-1.2,-1.28,-1.28,-1.28,-1.28,-1.28,-1.32"
"336"	"1759617"	"26"	"-1.1538461446762085"	"1.1538461446762085"	"TACTTCCCCCTCTGCTGCCCAAAATA"	"-1.2,-1.2"
"337"	"1763728"	"27"	"-1.1111111640930176"	"1.1111111640930176"	"ATCCGTTCCCCCGTAATCCGCATCCTT"	"-1.2,-1.2,-1.2"
"338"	"1763733"	"30"	"-1.399999976158142"	"1.399999976158142"	"TTCCCCCGTAATCCGCATCCTTATCCCTCC"	"-1.2,-1.32,-1.44,-1.28,-1.24,-1.2"
"339"	"1767213"	"26"	"-1.1538461446762085"	"1.1538461446762085"	"GCCAATTCCTTCCCCGTTGATTCCCA"	"-1.2,-1.24"
"340"	"1767220"	"25"	"-1.2000000476837158"	"1.2000000476837158"	"CCTTCCCCGTTGATTCCCATGCGCC"	"-1.2"
"341"	"1773132"	"36"	"-1.0277777910232544"	"1.0277777910232544"	"TAGTTCCAGACCCTTCCCCTATTTCCCAATCCGGCA"	"-1.2,-1.32,-1.44,-1.48,-1.48,-1.48,-1.48,-1.48,-1.4,-1.36,-1.4,-1.28"
"342"	"1776939"	"26"	"-1.2692307233810425"	"1.2692307233810425"	"CCCTTTCTCCTTCTCCACTACCTCCC"	"-1.2,-1.2"
"343"	"1791250"	"38"	"-0.9473684430122375"	"0.9473684430122375"	"ACATCACGCGTACCCCAAGCCGCCCCGCTGTATTGCTC"	"-1.28,-1.44,-1.36,-1.4,-1.4,-1.32,-1.32,-1.28,-1.32,-1.28,-1.28,-1.32,-1.32,-1.2"
"344"	"1794640"	"28"	"-1.1071428060531616"	"1.1071428060531616"	"ATTCCAGACCAGCCTCCGCCGCCCCGTA"	"-1.28,-1.24,-1.24,-1.24"
"345"	"1794647"	"26"	"-1.1538461446762085"	"1.1538461446762085"	"ACCAGCCTCCGCCGCCCCGTATGCCG"	"-1.24,-1.2"
"346"	"1802113"	"32"	"-1.1875"	"1.1875"	"CCGCCTTCCCCACTATTACTTTTCCCACCAAT"	"-1.24,-1.28,-1.2,-1.32,-1.32,-1.24,-1.24,-1.24"
"347"	"1802934"	"27"	"-1.185185194015503"	"1.185185194015503"	"GCCAATCCAGTCCGCATTCACCCCCTC"	"-1.24,-1.28,-1.24"
"348"	"1802939"	"26"	"-1.1538461446762085"	"1.1538461446762085"	"TCCAGTCCGCATTCACCCCCTCATCT"	"-1.2,-1.2"
"349"	"1804652"	"41"	"-1.073170781135559"	"1.073170781135559"	"TACCAGCGCCATCGCCCGTATCCCCACCAACTTCTCCACCG"	"-1.24,-1.24,-1.32,-1.32,-1.24,-1.24,-1.32,-1.28,-1.32,-1.28,-1.2,-1.28,-1.36,-1.32,-1.44,-1.4,-1.24"
"350"	"1809638"	"29"	"-1.0689655542373657"	"1.0689655542373657"	"TATTCCCAACTGCCACAACCGCCCCGAGT"	"-1.32,-1.28,-1.28,-1.24,-1.24"
"351"	"1813050"	"27"	"-1.1111111640930176"	"1.1111111640930176"	"TTCTCCCCCGTATAAATAACCCACATT"	"-1.2,-1.2,-1.2"
"352"	"1818125"	"28"	"-1.0714285373687744"	"1.0714285373687744"	"TGTCCCATGCCACTTCTTCCCGCCCATT"	"-1.2,-1.2,-1.24,-1.24"
"353"	"1821487"	"25"	"-1.2000000476837158"	"1.2000000476837158"	"CTTCCAAAGTCCCTTGCCCCTCTCT"	"-1.2"
"354"	"1832359"	"36"	"-0.8055555820465088"	"0.8055555820465088"	"TTTGAACGTATCCCGCCCCCATACCAAAATTTTGTG"	"-1.24,-1.24,-1.24,-1.24,-1.28,-1.28,-1.28,-1.24,-1.28,-1.24,-1.24,-1.2"
"355"	"1840055"	"37"	"-1.0540540218353271"	"1.0540540218353271"	"CAACACGTTTCCCTTCCACAACCCCACGCACCGCCGA"	"-1.28,-1.24,-1.28,-1.24,-1.24,-1.24,-1.28,-1.4,-1.36,-1.44,-1.52,-1.36,-1.24"
"356"	"1842961"	"26"	"-1.192307710647583"	"1.192307710647583"	"TCCCACCGACCCCAGTTGCAGCACCT"	"-1.24,-1.24"
"357"	"1845780"	"26"	"-1.1538461446762085"	"1.1538461446762085"	"TCCCAACCGCCCCAGAGATCTTTCCG"	"-1.24,-1.2"
"358"	"1848698"	"25"	"-1.2000000476837158"	"1.2000000476837158"	"CCCCTCCACCTAAAAACTACATTCC"	"-1.2"
"359"	"1849118"	"27"	"1.1111111640930176"	"1.1111111640930176"	"ATGGGAAATCTCATCTTGAGGGGGGCT"	"1.24,1.2,1.2"
"360"	"1849650"	"28"	"-1.1071428060531616"	"1.1071428060531616"	"CGACCGCCCCAGTCAAACTGCCCACCTG"	"-1.2,-1.24,-1.28,-1.24"
"361"	"1849666"	"27"	"-1.1481481790542603"	"1.1481481790542603"	"ACTGCCCACCTGACACTGTCTCCCCAC"	"-1.2,-1.2,-1.2"
"362"	"1849670"	"25"	"-1.2400000095367432"	"1.2400000095367432"	"CCCACCTGACACTGTCTCCCCACGC"	"-1.24"
"363"	"1850173"	"28"	"-1.2142857313156128"	"1.2142857313156128"	"CACCCTAATAGAGCACCCCTTCTCCCGA"	"-1.28,-1.36,-1.32,-1.2"
"364"	"1850450"	"25"	"-1.2000000476837158"	"1.2000000476837158"	"CCCTATCCTTCTGTGTCACCCCATC"	"-1.2"
"365"	"1851114"	"36"	"-1.0555555820465088"	"1.0555555820465088"	"TTCTCCGCTACCCACACCTCATCCCCGCACTTTTCA"	"-1.28,-1.44,-1.4,-1.4,-1.4,-1.36,-1.28,-1.32,-1.28,-1.28,-1.32,-1.2"
"366"	"1852236"	"28"	"-1.1428571939468384"	"1.1428571939468384"	"CTTCACCCCAATTATCTGTCCCACCTTC"	"-1.24,-1.2,-1.2,-1.24"
"367"	"1853081"	"25"	"-1.2799999713897705"	"1.2799999713897705"	"CTTCCAGTTTCCAATGACCCTCCCC"	"-1.28"
"368"	"1853570"	"26"	"-1.192307710647583"	"1.192307710647583"	"GCCCCGGTTTCCCGGAGTTATCCCCA"	"-1.24,-1.28"
"369"	"1861452"	"31"	"-1.1290322542190552"	"1.1290322542190552"	"TGAAACCCCAAAAATCAGCTGCCCCCATATT"	"-1.24,-1.4,-1.44,-1.44,-1.44,-1.44,-1.28"
"370"	"1861472"	"26"	"-1.192307710647583"	"1.192307710647583"	"GCCCCCATATTACACCTCACTCTCCA"	"-1.24,-1.28"
"371"	"1861690"	"27"	"-1.185185194015503"	"1.185185194015503"	"TCTATGCCGCAGTACCCCAAGTCCCCG"	"-1.2,-1.36,-1.24"
"372"	"1861694"	"28"	"-1.1071428060531616"	"1.1071428060531616"	"TGCCGCAGTACCCCAAGTCCCCGGCTTC"	"-1.2,-1.2,-1.24,-1.2"
"373"	"1872377"	"44"	"-1.0"	"1.0"	"AACCATTTCAGCCAAATGCCCCTCCCCTCGTTTTCGAACCTAAC"	"-1.24,-1.4,-1.56,-1.48,-1.44,-1.4,-1.4,-1.4,-1.4,-1.36,-1.4,-1.4,-1.32,-1.24,-1.32,-1.4,-1.4,-1.4,-1.44,-1.32"
"374"	"1887272"	"25"	"-1.2000000476837158"	"1.2000000476837158"	"CCGCCTGACAACCACCTGCTGCCCC"	"-1.2"
"375"	"1897245"	"26"	"-1.2307692766189575"	"1.2307692766189575"	"GCCCCATATTTTTCGCAATATCCCCT"	"-1.28,-1.32"
"376"	"1909361"	"25"	"-1.2000000476837158"	"1.2000000476837158"	"TCTCTTGTCCCATCACCCTCTACCC"	"-1.2"
"377"	"1911114"	"31"	"-0.9677419066429138"	"0.9677419066429138"	"TCGAATTCCACCCCTTGCCCAATCCGAATCG"	"-1.28,-1.24,-1.2,-1.24,-1.24,-1.28,-1.2"
"378"	"1912529"	"35"	"-1.0"	"1.0"	"TGCCATATTCAACCCCGTTTGTCCCCCAAGCGTTG"	"-1.2,-1.36,-1.56,-1.48,-1.4,-1.36,-1.4,-1.36,-1.36,-1.36,-1.24"
"379"	"1922293"	"27"	"-1.1481481790542603"	"1.1481481790542603"	"CTCCCAACCCGCAGAGTATTGCCCCTG"	"-1.28,-1.24,-1.2"
"380"	"1931975"	"33"	"0.9696969985961914"	"0.9696969985961914"	"CAAGTCAGGGGGGGTATATGTTGGTTGCAATGA"	"1.24,1.32,1.36,1.32,1.28,1.28,1.32,1.36,1.2"
"381"	"1939684"	"31"	"-1.1290322542190552"	"1.1290322542190552"	"ATGTCCCACTTGTCCCCGAAATCCCGATTCC"	"-1.28,-1.24,-1.24,-1.28,-1.28,-1.24,-1.2"
"382"	"1944039"	"26"	"-1.192307710647583"	"1.192307710647583"	"TCCAATCCGCATATGTCCCGTCCCCT"	"-1.24,-1.24"
"383"	"1952220"	"35"	"-1.0285714864730835"	"1.0285714864730835"	"CCACCAGTTGCCCCGCCTTTAATCCCCATAGTAGG"	"-1.32,-1.4,-1.48,-1.48,-1.4,-1.32,-1.28,-1.32,-1.32,-1.24,-1.2"
"384"	"1956578"	"25"	"-1.2000000476837158"	"1.2000000476837158"	"TGTACTGCCAAATGCCCCCAGTCCC"	"-1.2"
"385"	"1956580"	"37"	"-0.9459459185600281"	"0.9459459185600281"	"TACTGCCAAATGCCCCCAGTCCCGCACCAACTAAAAG"	"-1.24,-1.24,-1.32,-1.36,-1.36,-1.4,-1.36,-1.28,-1.28,-1.28,-1.28,-1.28,-1.28"
"386"	"1956658"	"33"	"-1.2121212482452393"	"1.2121212482452393"	"ACTTTTCCCCCTTACTTTATCTACCCCAAACTT"	"-1.24,-1.4,-1.52,-1.52,-1.52,-1.52,-1.56,-1.4,-1.24"
"387"	"1961692"	"25"	"1.2000000476837158"	"1.2000000476837158"	"GAGGGGGAGGTTTGTTTTAAATAGG"	"1.2"
"388"	"1969423"	"27"	"-1.1481481790542603"	"1.1481481790542603"	"TGCCCCGAAGTCGTCTCCCCAAACAAT"	"-1.24,-1.24,-1.28"
"389"	"1974092"	"26"	"-1.1538461446762085"	"1.1538461446762085"	"TCCAATCCCTGTCCCCGCTTCAATCA"	"-1.2,-1.2"
"390"	"1979339"	"28"	"-1.1428571939468384"	"1.1428571939468384"	"GTCCGTTTTCCCCAATCCCAACTACCAA"	"-1.2,-1.32,-1.32,-1.24"
"391"	"1979344"	"29"	"-1.034482717514038"	"1.034482717514038"	"TTTTCCCCAATCCCAACTACCAAATTCAG"	"-1.2,-1.2,-1.24,-1.24,-1.2"
"392"	"2004163"	"34"	"-1.029411792755127"	"1.029411792755127"	"GCATCCGCGCCCCACGACCATGCCCACCTTGTCT"	"-1.24,-1.28,-1.32,-1.4,-1.4,-1.32,-1.2,-1.24,-1.24,-1.28"
"393"	"2004251"	"25"	"-1.2000000476837158"	"1.2000000476837158"	"CCCCTCAATAATTGTTGTAAGCCCC"	"-1.2"
"394"	"2032884"	"27"	"-1.185185194015503"	"1.185185194015503"	"TCCATTTTACACCAGCAACCCCGCCCG"	"-1.2,-1.32,-1.2"
"395"	"2032891"	"29"	"-1.1034482717514038"	"1.1034482717514038"	"TACACCAGCAACCCCGCCCGCGTACCAAA"	"-1.2,-1.28,-1.28,-1.24,-1.24"
"396"	"2033916"	"26"	"-1.192307710647583"	"1.192307710647583"	"ACCACCGCGCCCCATATTTTGTCCCA"	"-1.24,-1.24"
"397"	"2036909"	"38"	"-1.0526316165924072"	"1.0526316165924072"	"CGACAAAGTCTCCCCAATGTTCCCCTTCCAAACGAACC"	"-1.28,-1.24,-1.28,-1.36,-1.4,-1.4,-1.4,-1.4,-1.48,-1.44,-1.4,-1.4,-1.32,-1.24"
"398"	"2043038"	"26"	"-1.1538461446762085"	"1.1538461446762085"	"TCCTGAATCCACCCCGCCAACTGCCA"	"-1.2,-1.2"
"399"	"2064789"	"35"	"0.9714285731315613"	"0.9714285731315613"	"GTTTTTGCTGGAATTGGGGGTGGTGGCTTGATTAG"	"1.24,1.28,1.24,1.24,1.24,1.28,1.28,1.24,1.28,1.28,1.24"
"400"	"2064801"	"28"	"1.1785714626312256"	"1.1785714626312256"	"ATTGGGGGTGGTGGCTTGATTAGCGGTG"	"1.2,1.28,1.28,1.32"
"401"	"2071554"	"26"	"-1.1538461446762085"	"1.1538461446762085"	"TCGCACCCCACTGATTCCCAGCACCA"	"-1.2,-1.2"
"402"	"2071557"	"25"	"-1.2400000095367432"	"1.2400000095367432"	"CACCCCACTGATTCCCAGCACCAAC"	"-1.24"
"403"	"2074736"	"35"	"-1.0"	"1.0"	"CTAAAGTTGCCCCCATAATAATCCCCATTTGTACA"	"-1.24,-1.36,-1.36,-1.36,-1.36,-1.36,-1.36,-1.36,-1.36,-1.44,-1.28"
"404"	"2074751"	"33"	"-1.0606060028076172"	"1.0606060028076172"	"TAATAATCCCCATTTGTACATCCCCCATGATAA"	"-1.28,-1.44,-1.44,-1.44,-1.4,-1.4,-1.4,-1.4,-1.24"
"405"	"2085772"	"25"	"-1.2000000476837158"	"1.2000000476837158"	"TCCCCTTTTCCACCCGGTTCATTCC"	"-1.2"
"406"	"2087169"	"27"	"-1.2222222089767456"	"1.2222222089767456"	"TCCCTATTAGCGCAAAAACCCCACCCG"	"-1.24,-1.36,-1.2"
"407"	"2087252"	"38"	"-0.7894737124443054"	"0.7894737124443054"	"GGCGTATCCAAGTCCCCCCGAGCCCATTTTCTTGTTAT"	"-1.2,-1.28,-1.36,-1.32,-1.36,-1.36,-1.4,-1.4,-1.32,-1.2,-1.2,-1.2,-1.24,-1.24"
"408"	"2089779"	"25"	"-1.2000000476837158"	"1.2000000476837158"	"CGCCCACGTCCTCATAAGCCCCAAC"	"-1.2"
"409"	"2089781"	"26"	"-1.307692289352417"	"1.307692289352417"	"CCCACGTCCTCATAAGCCCCAACACC"	"-1.28,-1.24"
"410"	"2091868"	"28"	"1.0357142686843872"	"1.0357142686843872"	"ATCGGGGAAAACTGGTCAGGTAGGGATC"	"1.2,1.2,1.2,1.2"
"411"	"2092266"	"30"	"-1.0666667222976685"	"1.0666667222976685"	"AAATCCAACCTATGCCCCACTCCTCCAAGC"	"-1.2,-1.28,-1.28,-1.28,-1.24,-1.2"
"412"	"2092901"	"26"	"1.1538461446762085"	"1.1538461446762085"	"AGTGGCGTGGGATGGATGGGACGGAA"	"1.2,1.2"
"413"	"2113327"	"28"	"-1.1785714626312256"	"1.1785714626312256"	"CAGCCCCAGTTCCAGTTCCGCCGCCCAT"	"-1.2,-1.28,-1.28,-1.32"
"414"	"2125528"	"26"	"-1.2307692766189575"	"1.2307692766189575"	"ACCACATCTCCCCACTTCGCACCACC"	"-1.2,-1.28"
"415"	"2125651"	"28"	"1.1428571939468384"	"1.1428571939468384"	"AAACAATGTGGGGCTTGGTGGAGGGATT"	"1.28,1.28,1.28,1.28"
"416"	"2126460"	"44"	"-0.9545454382896423"	"0.9545454382896423"	"ATAATCTACAAAAAACCACCCCCCCACCATAATTCCAATCATGA"	"-1.36,-1.36,-1.44,-1.52,-1.52,-1.52,-1.48,-1.48,-1.48,-1.44,-1.52,-1.6,-1.6,-1.6,-1.6,-1.64,-1.56,-1.48,-1.44,-1.28"
"417"	"2126594"	"35"	"-0.8285714387893677"	"0.8285714387893677"	"GATTAATCAACCCCTGAGCTACCCCAATAATAAGT"	"-1.2,-1.28,-1.28,-1.28,-1.28,-1.28,-1.28,-1.28,-1.24,-1.2,-1.2"
"418"	"2129658"	"44"	"-0.9545454382896423"	"0.9545454382896423"	"TGTTGTATCATCTTCCCGCCCCGCCCCGTGTTCGCTAATACCTA"	"-1.24,-1.4,-1.6,-1.56,-1.56,-1.56,-1.56,-1.56,-1.6,-1.52,-1.56,-1.56,-1.52,-1.52,-1.52,-1.4,-1.36,-1.32,-1.36,-1.2"
"419"	"2135965"	"27"	"-1.185185194015503"	"1.185185194015503"	"GTCCCCTGACAATTGCCGTAGCCCCGC"	"-1.28,-1.28,-1.32"
"420"	"2137212"	"39"	"-0.9743589758872986"	"0.9743589758872986"	"AACAACCGCAGCCTCCCCCGCTGCCACATCCACCTGTAG"	"-1.24,-1.24,-1.28,-1.24,-1.24,-1.32,-1.32,-1.24,-1.36,-1.4,-1.4,-1.4,-1.32,-1.24,-1.2"
"421"	"2140364"	"26"	"1.2692307233810425"	"1.2692307233810425"	"TGGGAATGGCGGCTGTTGTTTGGGGA"	"1.32,1.32"
"422"	"2146627"	"27"	"-1.1111111640930176"	"1.1111111640930176"	"TTCCCCCACCAACATCACAAAGACCTT"	"-1.2,-1.2,-1.2"
"423"	"2147688"	"32"	"-1.0625"	"1.0625"	"TCATGCCGCCCATGCCACCCATTCCCATATCA"	"-1.2,-1.32,-1.28,-1.28,-1.28,-1.32,-1.28,-1.2"
"424"	"2160217"	"36"	"-0.9722222089767456"	"0.9722222089767456"	"GCGCCAATAAACCCCGTCCCAATCCCGTTCAAAAGC"	"-1.28,-1.48,-1.4,-1.44,-1.36,-1.32,-1.32,-1.32,-1.32,-1.32,-1.28,-1.32"
"425"	"2163502"	"46"	"-1.02173912525177"	"1.02173912525177"	"GTATAATTCCCTTCAAAACTCCCCCACGTTTCCCCATTAGAAACTC"	"-1.2,-1.24,-1.28,-1.24,-1.24,-1.24,-1.24,-1.4,-1.56,-1.6,-1.64,-1.52,-1.52,-1.52,-1.48,-1.44,-1.44,-1.44,-1.44,-1.44,-1.44,-1.32"
"426"	"2163999"	"35"	"-0.9428571462631226"	"0.9428571462631226"	"TTTTCTTTGCATACCTTCCCCTCCCTTTTCCCTGG"	"-1.2,-1.2,-1.2,-1.2,-1.2,-1.28,-1.4,-1.52,-1.52,-1.44,-1.28"
"427"	"2164011"	"27"	"-1.2222222089767456"	"1.2222222089767456"	"ACCTTCCCCTCCCTTTTCCCTGGGCCT"	"-1.24,-1.32,-1.24"
"428"	"2164016"	"25"	"-1.2000000476837158"	"1.2000000476837158"	"CCCCTCCCTTTTCCCTGGGCCTAAC"	"-1.2"
"429"	"2174653"	"27"	"-1.296296238899231"	"1.296296238899231"	"GCCCCAACAAACACATCGCCAGCCCCG"	"-1.32,-1.52,-1.28"
"430"	"2175285"	"42"	"-1.0"	"1.0"	"TCCTGAAACATGAAGCCCCTTTCCCCCGCAATCAAATTCCGT"	"-1.2,-1.36,-1.44,-1.32,-1.36,-1.4,-1.4,-1.4,-1.44,-1.4,-1.4,-1.4,-1.44,-1.44,-1.52,-1.64,-1.44,-1.28"
"431"	"2176641"	"33"	"-1.0303030014038086"	"1.0303030014038086"	"AAAGCTACCCCTAGAATAATCCCCGCACTCACT"	"-1.2,-1.24,-1.24,-1.28,-1.32,-1.32,-1.32,-1.36,-1.2"
"432"	"2179567"	"32"	"-1.0"	"1.0"	"TCTGTTCCATCTACTTTCCCCTCCCTTACATT"	"-1.24,-1.24,-1.2,-1.2,-1.28,-1.28,-1.28,-1.2"
"433"	"2180941"	"33"	"-1.0"	"1.0"	"TTGACTGCCCCGCAAAAAGTCCCCATTTTTCCG"	"-1.2,-1.2,-1.2,-1.24,-1.24,-1.2,-1.28,-1.4,-1.2"
"434"	"2187327"	"28"	"-1.1428571939468384"	"1.1428571939468384"	"CAACCTAGTCCCAAGAAACCACCCCACG"	"-1.28,-1.24,-1.28,-1.24"
"435"	"2189868"	"25"	"1.2400000095367432"	"1.2400000095367432"	"GGAGGATTATCTATGGGGGCTGGTG"	"1.24"
"436"	"2189871"	"25"	"1.2400000095367432"	"1.2400000095367432"	"GGATTATCTATGGGGGCTGGTGTGG"	"1.24"
"437"	"2189882"	"25"	"1.2400000095367432"	"1.2400000095367432"	"GGGGGCTGGTGTGGCAGTGAATTTG"	"1.24"
"438"	"2205064"	"26"	"-1.192307710647583"	"1.192307710647583"	"TCCCCAAACGGTCCCATAAACGCCCA"	"-1.24,-1.24"
"439"	"2207075"	"30"	"-1.0666667222976685"	"1.0666667222976685"	"CGCTACCTTTGCCCCGCCAATTCCCTATTA"	"-1.28,-1.24,-1.28,-1.24,-1.24,-1.24"
"440"	"2212628"	"25"	"-1.2000000476837158"	"1.2000000476837158"	"CCCCTTTACCAAAATAATAACTCCC"	"-1.2"
"441"	"2213165"	"39"	"-0.9743589758872986"	"0.9743589758872986"	"AACGGAAGAGCTCCCCCTCTTCCCCCGAAGGTCTCTTCC"	"-1.32,-1.48,-1.44,-1.4,-1.48,-1.48,-1.4,-1.4,-1.48,-1.48,-1.56,-1.52,-1.52,-1.44,-1.36"
"442"	"2215751"	"28"	"-1.0714285373687744"	"1.0714285373687744"	"AATCCACTCCCCTCCACCATTTTCTATT"	"-1.2,-1.2,-1.2,-1.2"
"443"	"2216374"	"25"	"-1.2400000095367432"	"1.2400000095367432"	"CCACCCCTCTTGCATCCCAATAATC"	"-1.24"
"444"	"2217189"	"40"	"1.0"	"1.0"	"TGCGGGAAACTAATGGCATAGGGGGGATTGGTATGTATTT"	"1.24,1.4,1.36,1.4,1.28,1.24,1.2,1.2,1.2,1.2,1.28,1.28,1.28,1.28,1.28,1.2"
"445"	"2217209"	"25"	"1.2000000476837158"	"1.2000000476837158"	"GGGGGGATTGGTATGTATTTAAAAG"	"1.2"
"446"	"2219084"	"25"	"-1.2000000476837158"	"1.2000000476837158"	"TTTCCGCCCCGCAACCAGAACCTCC"	"-1.2"
"447"	"2221456"	"29"	"-1.137930989265442"	"1.137930989265442"	"ACTCCTTCCCCTAGTCCCGTTTTACCTTC"	"-1.2,-1.28,-1.24,-1.24,-1.2"
"448"	"2229527"	"35"	"-1.085714340209961"	"1.085714340209961"	"AAACCTTATCCCCAACTGCAAGCCCCAACTGCAAC"	"-1.28,-1.44,-1.44,-1.44,-1.4,-1.32,-1.28,-1.32,-1.32,-1.32,-1.2"
"449"	"2234622"	"27"	"-1.1111111640930176"	"1.1111111640930176"	"AACAAGTTCCTCGCCGTCCGCCCCCAT"	"-1.2,-1.2,-1.2"
"450"	"2234626"	"30"	"-1.0666667222976685"	"1.0666667222976685"	"AGTTCCTCGCCGTCCGCCCCCATACTCTCT"	"-1.2,-1.2,-1.28,-1.28,-1.32,-1.24"
"451"	"2235455"	"34"	"-1.058823585510254"	"1.058823585510254"	"AAATCCATACCCCATTGTGTTTCCCCAGTGCCAA"	"-1.2,-1.36,-1.36,-1.32,-1.32,-1.2,-1.2,-1.28,-1.28,-1.28"
"452"	"2242893"	"31"	"-1.1612902879714966"	"1.1612902879714966"	"GCACACCCCAATCAAGTACCATCCCGCCGCC"	"-1.2,-1.2,-1.24,-1.32,-1.24,-1.32,-1.24"
"453"	"2304889"	"32"	"-0.96875"	"0.96875"	"TACTTTTCCCTGCCCCGTTTAGCCCAATTAAG"	"-1.28,-1.28,-1.28,-1.24,-1.24,-1.24,-1.24,-1.2"
"454"	"2307922"	"26"	"-1.1538461446762085"	"1.1538461446762085"	"ACTCCCCCACTCACCTTTACCATGAT"	"-1.2,-1.2"
"455"	"2316353"	"27"	"-1.1481481790542603"	"1.1481481790542603"	"AACCCCACCACACATTGCATTACCCAT"	"-1.24,-1.24,-1.24"
"456"	"2319466"	"40"	"-0.8500000238418579"	"0.8500000238418579"	"AGGCATTTTCTACTCCCCACTCCCCATTACCAAAGTAAGA"	"-1.28,-1.28,-1.36,-1.44,-1.4,-1.48,-1.56,-1.56,-1.56,-1.56,-1.48,-1.48,-1.48,-1.44,-1.4,-1.24"
"457"	"2321827"	"31"	"1.1290322542190552"	"1.1290322542190552"	"TTGCTGGGAGGGAATATTCGATGGGGCAGAG"	"1.2,1.36,1.32,1.28,1.36,1.36,1.28"
"458"	"2333419"	"38"	"-0.8947368264198303"	"0.8947368264198303"	"TGATTCTTTCATCCCTATTCCCCCACTATAACCTGTTA"	"-1.2,-1.24,-1.28,-1.28,-1.28,-1.28,-1.24,-1.32,-1.4,-1.4,-1.32,-1.32,-1.32,-1.2"
"459"	"2347863"	"40"	"-0.8500000238418579"	"0.8500000238418579"	"TAATTTCTTAGCAAGCCCCTGCCCCCGATAATCCGGATGC"	"-1.24,-1.4,-1.36,-1.36,-1.36,-1.36,-1.36,-1.32,-1.4,-1.48,-1.4,-1.36,-1.32,-1.32,-1.28,-1.36"
"460"	"2351732"	"31"	"-1.0322580337524414"	"1.0322580337524414"	"ATATAACCCCACATAATACCATCCCTCATTC"	"-1.2,-1.2,-1.24,-1.24,-1.24,-1.24,-1.28"
"461"	"2364820"	"28"	"-1.2142857313156128"	"1.2142857313156128"	"GTCCCGCCTTTAGTTTTCCCCATCCCTG"	"-1.28,-1.44,-1.44,-1.28"
"462"	"2365262"	"27"	"-1.1111111640930176"	"1.1111111640930176"	"ATCCAGACCAATCACCACCCCACTCAA"	"-1.2,-1.2,-1.2"
"463"	"2365268"	"26"	"-1.192307710647583"	"1.192307710647583"	"ACCAATCACCACCCCACTCAAAACCT"	"-1.24,-1.24"
"464"	"2366247"	"25"	"-1.2000000476837158"	"1.2000000476837158"	"CCATCATACATTTTCATCATCCCCC"	"-1.2"
"465"	"2379400"	"33"	"-1.1818181276321411"	"1.1818181276321411"	"ATATTCGCCCCCTTTTATCAAGCCCCGCCAGCT"	"-1.28,-1.44,-1.4,-1.48,-1.56,-1.56,-1.48,-1.56,-1.4"
"466"	"2383989"	"31"	"-1.1935484409332275"	"1.1935484409332275"	"GTTTCCCCCCCCTAGTATTTGAGCCCTAACT"	"-1.32,-1.52,-1.52,-1.52,-1.52,-1.4,-1.24"
"467"	"2387474"	"26"	"-1.1538461446762085"	"1.1538461446762085"	"TCCCATAAAGTCGCCCCCATCACTTT"	"-1.2,-1.2"
"468"	"2397272"	"32"	"1.0625"	"1.0625"	"TTGTGAAGGGAGGTGGGTAAAATGGGAGTTAA"	"1.2,1.32,1.32,1.32,1.32,1.28,1.28,1.28"
"469"	"2418613"	"37"	"-1.1891891956329346"	"1.1891891956329346"	"TGTCACTTTCCCCATCAAATCGCCCCTTTTCAATCCC"	"-1.2,-1.36,-1.4,-1.4,-1.36,-1.36,-1.36,-1.36,-1.36,-1.36,-1.32,-1.28,-1.24"
"470"	"2421760"	"32"	"-1.125"	"1.125"	"TCGTTCCCGTATCAACACCATCCCCCTGAGCC"	"-1.2,-1.36,-1.32,-1.32,-1.32,-1.28,-1.24,-1.2"
"471"	"2422629"	"25"	"-1.2000000476837158"	"1.2000000476837158"	"CCCCTAATTCTAAAAAGGCATCCCC"	"-1.2"
"472"	"2424385"	"28"	"-1.1785714626312256"	"1.1785714626312256"	"CATCCCCATCGCGATACCGACCGCCCAT"	"-1.2,-1.24,-1.24,-1.24"
"473"	"2431900"	"29"	"1.034482717514038"	"1.034482717514038"	"TCTTGGGTGGGAAATACACTCGGGGAACG"	"1.2,1.2,1.24,1.2,1.24"
"474"	"2436012"	"25"	"-1.2000000476837158"	"1.2000000476837158"	"CCGCACCGTCACCCGAGAAGTCCCC"	"-1.2"
"475"	"2438138"	"27"	"1.1111111640930176"	"1.1111111640930176"	"ATGGGAAATCTCATCTTGAGGGGGGCT"	"1.24,1.2,1.2"
"476"	"2438670"	"28"	"-1.1071428060531616"	"1.1071428060531616"	"CGACCGCCCCAGTCAAACTGCCCACCTG"	"-1.2,-1.24,-1.28,-1.24"
"477"	"2438686"	"27"	"-1.1481481790542603"	"1.1481481790542603"	"ACTGCCCACCTGACACTGTCTCCCCAC"	"-1.2,-1.2,-1.2"
"478"	"2438690"	"25"	"-1.2400000095367432"	"1.2400000095367432"	"CCCACCTGACACTGTCTCCCCACGC"	"-1.24"
"479"	"2439193"	"28"	"-1.2142857313156128"	"1.2142857313156128"	"CACCCTAATAGAGCACCCCTTCTCCCGA"	"-1.28,-1.36,-1.32,-1.2"
"480"	"2439470"	"25"	"-1.2000000476837158"	"1.2000000476837158"	"CCCTATCCTTCTGTGTCACCCCATC"	"-1.2"
"481"	"2440134"	"36"	"-1.0555555820465088"	"1.0555555820465088"	"TTCTCCGCTACCCACACCTCATCCCCGCACTTTTCA"	"-1.28,-1.44,-1.4,-1.4,-1.4,-1.36,-1.28,-1.32,-1.28,-1.28,-1.32,-1.2"
"482"	"2441507"	"28"	"-1.1428571939468384"	"1.1428571939468384"	"CTTCACCCCAATTATCTGTCCCACCTTC"	"-1.24,-1.2,-1.2,-1.24"
"483"	"2442352"	"25"	"-1.2799999713897705"	"1.2799999713897705"	"CTTCCAGTTTCCAATGACCCTCCCC"	"-1.28"
"484"	"2442841"	"26"	"-1.192307710647583"	"1.192307710647583"	"GCCCCGGTTTCCCGGAGTTATCCCCA"	"-1.24,-1.28"
"485"	"2446798"	"25"	"1.2000000476837158"	"1.2000000476837158"	"GGGATGGGGCAGAAGAATTATTTGG"	"1.2"
"486"	"2458700"	"37"	"0.8108108043670654"	"0.8108108043670654"	"ACGATTATTCTTGGGGTTATTGGGGCAATTAGTTACT"	"1.24,1.2,1.24,1.2,1.2,1.2,1.2,1.24,1.24,1.24,1.28,1.24,1.24"
"487"	"2465595"	"30"	"1.100000023841858"	"1.100000023841858"	"CATAGGGAAATTAGGAACTAGGGGGTGATG"	"1.24,1.28,1.32,1.32,1.32,1.24"
"488"	"2466112"	"25"	"1.2799999713897705"	"1.2799999713897705"	"GGTGGGGATTCTGCGGTTGACTGGG"	"1.28"
"489"	"2468877"	"25"	"-1.2000000476837158"	"1.2000000476837158"	"CGACCAACCCCTACAACCACCTAAC"	"-1.2"
"490"	"2468879"	"26"	"-1.192307710647583"	"1.192307710647583"	"ACCAACCCCTACAACCACCTAACACA"	"-1.24,-1.24"
"491"	"2468884"	"26"	"-1.307692289352417"	"1.307692289352417"	"CCCCTACAACCACCTAACACAACACC"	"-1.24,-1.2"
"492"	"2474030"	"28"	"-1.1071428060531616"	"1.1071428060531616"	"CATTGTCGCTTCACCAACCCACCCCATA"	"-1.24,-1.2,-1.2,-1.2"
"493"	"2474035"	"29"	"-1.0689655542373657"	"1.0689655542373657"	"TCGCTTCACCAACCCACCCCATAGCAAGC"	"-1.24,-1.24,-1.2,-1.2,-1.2"
"494"	"2474041"	"25"	"-1.2000000476837158"	"1.2000000476837158"	"CACCAACCCACCCCATAGCAAGCGC"	"-1.2"
"495"	"2474277"	"31"	"-1.1612902879714966"	"1.1612902879714966"	"CATCCTCCTTCTCCCCATTCTATACCCGTTC"	"-1.2,-1.28,-1.4,-1.36,-1.28,-1.2,-1.24"
"496"	"2476553"	"26"	"-1.1538461446762085"	"1.1538461446762085"	"TCCACTTTCCCGATATATTCACCCCA"	"-1.2,-1.2"
"497"	"2476560"	"26"	"-1.1538461446762085"	"1.1538461446762085"	"TCCCGATATATTCACCCCATCTACCT"	"-1.2,-1.2"
"498"	"2499854"	"31"	"-1.0967742204666138"	"1.0967742204666138"	"CAAAACCACCACCCGCTGAAACCCCAATTAC"	"-1.32,-1.28,-1.28,-1.28,-1.28,-1.28,-1.24"
"499"	"2499862"	"26"	"-1.2692307233810425"	"1.2692307233810425"	"CCACCCGCTGAAACCCCAATTACTCC"	"-1.24,-1.24"
"500"	"2508196"	"28"	"-1.0714285373687744"	"1.0714285373687744"	"TTTCACCCCAAAACCTCCAACACCTTTT"	"-1.2,-1.2,-1.2,-1.2"
"501"	"2516176"	"26"	"-1.2307692766189575"	"1.2307692766189575"	"ACCCCACCGTTCCAGATATCAACCCA"	"-1.28,-1.28"
"502"	"2516867"	"25"	"-1.2000000476837158"	"1.2000000476837158"	"CACGTCCCCAAACCATCTCGCCACC"	"-1.2"
"503"	"2516871"	"25"	"-1.2000000476837158"	"1.2000000476837158"	"TCCCCAAACCATCTCGCCACCATCT"	"-1.2"
"504"	"2526120"	"26"	"-1.1538461446762085"	"1.1538461446762085"	"ACCTCCTCTTCCAAATCATTACCCCT"	"-1.2,-1.2"
"505"	"2541615"	"33"	"-1.0"	"1.0"	"TATTTGCCTCCCCCTGCAATACTCCCGTCAGCA"	"-1.2,-1.32,-1.28,-1.28,-1.32,-1.32,-1.32,-1.28,-1.2"
"506"	"2543907"	"39"	"-1.0512820482254028"	"1.0512820482254028"	"GAATAAATATCCCTCCCCCAACAACCGCTCCGACTCCAA"	"-1.24,-1.36,-1.32,-1.36,-1.36,-1.44,-1.52,-1.48,-1.48,-1.52,-1.52,-1.48,-1.44,-1.32,-1.32"
"507"	"2545654"	"25"	"-1.3200000524520874"	"1.3200000524520874"	"CCCAAGCGCCCCAGTCGCAATACCC"	"-1.32"
"508"	"2545656"	"33"	"-1.2727272510528564"	"1.2727272510528564"	"CAAGCGCCCCAGTCGCAATACCCGCCCCGCGAC"	"-1.2,-1.24,-1.4,-1.56,-1.56,-1.56,-1.56,-1.4,-1.28"
"509"	"2548423"	"30"	"-1.0666667222976685"	"1.0666667222976685"	"AAGACCAGTCCCCCCACCGATTACTACTAC"	"-1.2,-1.2,-1.24,-1.28,-1.28,-1.24"
"510"	"2548430"	"27"	"-1.1111111640930176"	"1.1111111640930176"	"GTCCCCCCACCGATTACTACTACTCTA"	"-1.2,-1.24,-1.24"
"511"	"2554309"	"33"	"-0.9696969985961914"	"0.9696969985961914"	"CTGTCATTCCAGCAGGCCCCGCCCCAATAATAA"	"-1.28,-1.24,-1.24,-1.28,-1.28,-1.24,-1.24,-1.24,-1.24"
"512"	"2554321"	"25"	"-1.2000000476837158"	"1.2000000476837158"	"CAGGCCCCGCCCCAATAATAATCAC"	"-1.2"
"513"	"2554324"	"27"	"-1.185185194015503"	"1.185185194015503"	"GCCCCGCCCCAATAATAATCACATCAT"	"-1.28,-1.36,-1.2"
"514"	"2556167"	"28"	"-1.1785714626312256"	"1.1785714626312256"	"CATCCCGACCAATCACAACTTCCCCAAC"	"-1.28,-1.24,-1.24,-1.28"
"515"	"2558029"	"29"	"-1.0689655542373657"	"1.0689655542373657"	"AACACCATTACCCATAATTCCCCTACTTT"	"-1.2,-1.24,-1.24,-1.2,-1.2"
"516"	"2569580"	"28"	"1.0714285373687744"	"1.0714285373687744"	"AAAGGAGAGCTGGGGAATAAAAGGGTTT"	"1.2,1.2,1.2,1.2"
"517"	"2575789"	"35"	"-1.1142857074737549"	"1.1142857074737549"	"AATCCCAGTAATTTCCCCATTCTCCCCTAAAATTG"	"-1.32,-1.48,-1.64,-1.64,-1.52,-1.4,-1.28,-1.28,-1.32,-1.32,-1.24"
"518"	"2580333"	"26"	"-1.1538461446762085"	"1.1538461446762085"	"GCCAACAGTCCCATTGTGTTCCCCCT"	"-1.2,-1.24"
"519"	"2591163"	"31"	"-1.0"	"1.0"	"AAATAGCCCCTATTTCATAATCCCCTTGAAA"	"-1.28,-1.28,-1.28,-1.24,-1.24,-1.24,-1.28"
"520"	"2593611"	"28"	"1.1785714626312256"	"1.1785714626312256"	"CTGGGGCAGGTTGAGAGGAAGTTGGGAA"	"1.2,1.4,1.4,1.24"
"521"	"2612695"	"33"	"-1.1515151262283325"	"1.1515151262283325"	"ACATTTTCCCCAATTCATCCCAATCCCAAACAC"	"-1.2,-1.32,-1.4,-1.4,-1.4,-1.4,-1.44,-1.44,-1.32"
"522"	"2621645"	"25"	"-1.2000000476837158"	"1.2000000476837158"	"CCATCTAATTTCGCCCCTACGACCC"	"-1.2"
"523"	"2628720"	"27"	"-1.0370370149612427"	"1.0370370149612427"	"GACGCGGCCCCAAATAACAGCCCCCTG"	"-1.2,-1.32,-1.24"
"524"	"2628727"	"25"	"-1.2400000095367432"	"1.2400000095367432"	"CCCCAAATAACAGCCCCCTGGAAGT"	"-1.24"
"525"	"2649559"	"27"	"-1.185185194015503"	"1.185185194015503"	"ACCAACTTTCCTCATTCCCCTCACCTC"	"-1.24,-1.24,-1.2"
"526"	"2649564"	"29"	"-1.1034482717514038"	"1.1034482717514038"	"CTTTCCTCATTCCCCTCACCTCTTCCAAT"	"-1.2,-1.24,-1.24,-1.24,-1.24"
"527"	"2665672"	"26"	"-1.1538461446762085"	"1.1538461446762085"	"TTCCTCCCTTTCCCGCCGCATCCACA"	"-1.2,-1.2"
"528"	"2666997"	"25"	"-1.2400000095367432"	"1.2400000095367432"	"CGTAACTCCCATTCCCCAACAAACC"	"-1.24"
"529"	"2666999"	"32"	"-1.1875"	"1.1875"	"TAACTCCCATTCCCCAACAAACCGCTGTCCCG"	"-1.24,-1.24,-1.2,-1.2,-1.28,-1.4,-1.4,-1.24"
"530"	"2668467"	"25"	"-1.2000000476837158"	"1.2000000476837158"	"CGCCCGCATAAGCTCCCCATCAACC"	"-1.2"
"531"	"2668469"	"25"	"-1.2400000095367432"	"1.2400000095367432"	"CCCGCATAAGCTCCCCATCAACCTC"	"-1.24"
"532"	"2669614"	"26"	"-1.1538461446762085"	"1.1538461446762085"	"GCCCAGCAGCCAACCCCGACTCCATT"	"-1.2,-1.28"
"533"	"2669622"	"27"	"-1.185185194015503"	"1.185185194015503"	"GCCAACCCCGACTCCATTGTCTCCCTT"	"-1.28,-1.32,-1.24"
"534"	"2670812"	"25"	"-1.2000000476837158"	"1.2000000476837158"	"TGTATCTCCCCAACCATCATTACCC"	"-1.2"
"535"	"2670814"	"28"	"-1.0714285373687744"	"1.0714285373687744"	"TATCTCCCCAACCATCATTACCCGCTGA"	"-1.24,-1.24,-1.2,-1.2"
"536"	"2670819"	"25"	"-1.2000000476837158"	"1.2000000476837158"	"CCCCAACCATCATTACCCGCTGAAC"	"-1.2"
"537"	"2671066"	"39"	"-1.1282051801681519"	"1.1282051801681519"	"CGAGTCCCATCAGCCCCATTGCCGCCCCACGTTTTTCAC"	"-1.2,-1.32,-1.52,-1.68,-1.72,-1.76,-1.6,-1.48,-1.36,-1.36,-1.36,-1.32,-1.36,-1.4,-1.28"
"538"	"2671142"	"25"	"-1.2000000476837158"	"1.2000000476837158"	"CATCATAATCCCCGCACCCGCCGCT"	"-1.2"
"539"	"2672501"	"28"	"-1.1071428060531616"	"1.1071428060531616"	"TCTCCTTCAAAAAAACACCCCACCCGTT"	"-1.28,-1.24,-1.2,-1.2"
"540"	"2672517"	"26"	"-1.2692307233810425"	"1.2692307233810425"	"ACCCCACCCGTTCTGTTATTATACCC"	"-1.2,-1.32"
"541"	"2673147"	"27"	"1.1111111640930176"	"1.1111111640930176"	"ATGGGAAATCTCATCTTGAGGGGGGCT"	"1.24,1.2,1.2"
"542"	"2673679"	"28"	"-1.1071428060531616"	"1.1071428060531616"	"CGACCGCCCCAGTCAAACTGCCCACCTG"	"-1.2,-1.24,-1.28,-1.24"
"543"	"2673695"	"27"	"-1.1481481790542603"	"1.1481481790542603"	"ACTGCCCACCTGACACTGTCTCCCCAC"	"-1.2,-1.2,-1.2"
"544"	"2673699"	"25"	"-1.2400000095367432"	"1.2400000095367432"	"CCCACCTGACACTGTCTCCCCACGC"	"-1.24"
"545"	"2674202"	"28"	"-1.2142857313156128"	"1.2142857313156128"	"CACCCTAATAGAGCACCCCTTCTCCCGA"	"-1.28,-1.36,-1.32,-1.2"
"546"	"2674479"	"25"	"-1.2000000476837158"	"1.2000000476837158"	"CCCTATCCTTCTGTGTCACCCCATC"	"-1.2"
"547"	"2675143"	"36"	"-1.0555555820465088"	"1.0555555820465088"	"TTCTCCGCTACCCACACCTCATCCCCGCACTTTTCA"	"-1.28,-1.44,-1.4,-1.4,-1.4,-1.36,-1.28,-1.32,-1.28,-1.28,-1.32,-1.2"
"548"	"2676516"	"28"	"-1.1428571939468384"	"1.1428571939468384"	"CTTCACCCCAATTATCTGTCCCACCTTC"	"-1.24,-1.2,-1.2,-1.24"
"549"	"2677361"	"25"	"-1.2799999713897705"	"1.2799999713897705"	"CTTCCAGTTTCCAATGACCCTCCCC"	"-1.28"
"550"	"2677850"	"26"	"-1.192307710647583"	"1.192307710647583"	"GCCCCGGTTTCCCGGAGTTATCCCCA"	"-1.24,-1.28"
"551"	"2682927"	"27"	"1.1481481790542603"	"1.1481481790542603"	"TTGAGGTTTTTTTCATGGTGGGGGGCT"	"1.28,1.24,1.24"
"552"	"2685206"	"25"	"1.2000000476837158"	"1.2000000476837158"	"GGGGCTTATTGTGGGGCAAACAATA"	"1.2"
"553"	"2690995"	"41"	"-0.8292682766914368"	"0.8292682766914368"	"GAACCTTGAATGAAAACCCCACCCCAAGTCATTAATTCTTT"	"-1.32,-1.36,-1.36,-1.32,-1.24,-1.2,-1.2,-1.2,-1.24,-1.24,-1.24,-1.24,-1.28,-1.32,-1.32,-1.32,-1.32"
"554"	"2696456"	"26"	"-1.1538461446762085"	"1.1538461446762085"	"ACCCATTTCCCCTTGCTTCGACCACT"	"-1.2,-1.2"
"555"	"2701606"	"30"	"-1.1666666269302368"	"1.1666666269302368"	"CCTTTACCTTTACCCATCCGAACCCCGATT"	"-1.28,-1.36,-1.24,-1.24,-1.24,-1.24"
"556"	"2708186"	"35"	"-0.8857142925262451"	"0.8857142925262451"	"ATTGACATATCCCCTTTTTAGCCCCTTTTCTAGTT"	"-1.24,-1.24,-1.24,-1.24,-1.28,-1.32,-1.28,-1.28,-1.24,-1.24,-1.24"
"557"	"2736922"	"25"	"-1.2000000476837158"	"1.2000000476837158"	"CCGCTCCGTAACCCCCTGTCATGCC"	"-1.2"
"558"	"2738336"	"27"	"-1.2222222089767456"	"1.2222222089767456"	"ATCCCCCGTGGAAATGTGACCCCACCA"	"-1.24,-1.32,-1.32"
"559"	"2753258"	"26"	"-1.2307692766189575"	"1.2307692766189575"	"CCACCCCGTCACTTGCAGCCCGTCCA"	"-1.28,-1.2"
"560"	"2753578"	"35"	"-0.9142857193946838"	"0.9142857193946838"	"GAGCAATCAACCCCCCCAGACCATAAATCAACATA"	"-1.2,-1.28,-1.28,-1.32,-1.32,-1.32,-1.32,-1.36,-1.32,-1.32,-1.32"
"561"	"2756059"	"28"	"-1.1071428060531616"	"1.1071428060531616"	"CGTCCGCCCAACCAAAAGCCCCGCAATA"	"-1.24,-1.2,-1.24,-1.24"
"562"	"2757340"	"32"	"-1.09375"	"1.09375"	"ACAACACCCATTTTCCGTTCACCCCTTCACCG"	"-1.24,-1.24,-1.2,-1.24,-1.24,-1.28,-1.36,-1.2"
"563"	"2757360"	"26"	"-1.1538461446762085"	"1.1538461446762085"	"ACCCCTTCACCGTACTCTTTCCACCA"	"-1.2,-1.2"
"564"	"2771850"	"32"	"-0.9375"	"0.9375"	"GTTTTCACTTCCCCAACTCCCGACCAAATTTA"	"-1.2,-1.24,-1.24,-1.24,-1.24,-1.24,-1.2,-1.2"
"565"	"2779860"	"29"	"-1.2758620977401733"	"1.2758620977401733"	"AAACCCCAAAAAAAGAACCAGACCCCCGA"	"-1.2,-1.36,-1.52,-1.48,-1.32"
"566"	"2779877"	"26"	"-1.2692307233810425"	"1.2692307233810425"	"CCAGACCCCCGAAAAAGCCCGATTCC"	"-1.24,-1.24"
"567"	"2779881"	"28"	"-1.3928571939468384"	"1.3928571939468384"	"ACCCCCGAAAAAGCCCGATTCCAACCCA"	"-1.32,-1.44,-1.4,-1.24"
"568"	"2781967"	"25"	"-1.2000000476837158"	"1.2000000476837158"	"CCCCCCAGCTAATCGATCCACTTCA"	"-1.2"
"569"	"2785392"	"29"	"-1.1724138259887695"	"1.1724138259887695"	"CAAACCCCACTCAACTACTTTCCCACCAT"	"-1.2,-1.24,-1.32,-1.32,-1.32"
"570"	"2799162"	"35"	"-0.9428571462631226"	"0.9428571462631226"	"ACGAATTGTCCCATTTTCCCGCCCCAAAATTGCTC"	"-1.28,-1.28,-1.24,-1.28,-1.28,-1.28,-1.28,-1.24,-1.32,-1.32,-1.24"
"571"	"2811906"	"25"	"1.2000000476837158"	"1.2000000476837158"	"TGTTTCTGACGGGGGTGAGGGTTTT"	"1.2"
"572"	"2813133"	"28"	"-1.0714285373687744"	"1.0714285373687744"	"TAACCCCCGCTGCAACCTCATCACCATT"	"-1.2,-1.2,-1.2,-1.2"
"573"	"2813187"	"26"	"-1.2307692766189575"	"1.2307692766189575"	"TCCCCGCTGCAAAAAAATGCTCCCCA"	"-1.28,-1.28"
"574"	"2816273"	"26"	"-1.1538461446762085"	"1.1538461446762085"	"TCCTCCCCCTTAAATCAGCAACCTCT"	"-1.2,-1.2"
"575"	"2816736"	"27"	"-1.1111111640930176"	"1.1111111640930176"	"AGCCAATTCGGTCACCCCACCTCCCAA"	"-1.2,-1.2,-1.24"
"576"	"2816741"	"27"	"-1.1111111640930176"	"1.1111111640930176"	"ATTCGGTCACCCCACCTCCCAAGCCTT"	"-1.2,-1.2,-1.2"
"577"	"2816748"	"27"	"-1.1481481790542603"	"1.1481481790542603"	"CACCCCACCTCCCAAGCCTTGGTGCCG"	"-1.2,-1.24,-1.2"
"578"	"2817513"	"25"	"-1.2000000476837158"	"1.2000000476837158"	"TCCCGGTTAGAAAACACCCCACCCA"	"-1.2"
"579"	"2827623"	"32"	"-1.09375"	"1.09375"	"ATCCACTCTTGCCCAACTAATCCCCCGACTTT"	"-1.24,-1.4,-1.36,-1.28,-1.24,-1.24,-1.2,-1.2"
"580"	"2827632"	"25"	"-1.2000000476837158"	"1.2000000476837158"	"TGCCCAACTAATCCCCCGACTTTAC"	"-1.2"
"581"	"2827634"	"31"	"-1.2903225421905518"	"1.2903225421905518"	"CCCAACTAATCCCCCGACTTTACGACCCAAC"	"-1.2,-1.2,-1.2,-1.2,-1.2,-1.2,-1.2"
"582"	"2830344"	"27"	"1.1111111640930176"	"1.1111111640930176"	"AAGTATTAGGGATTATAAGGGGGTTAT"	"1.2,1.2,1.2"
"583"	"2830348"	"28"	"1.0714285373687744"	"1.0714285373687744"	"ATTAGGGATTATAAGGGGGTTATTGATT"	"1.2,1.2,1.2,1.2"
"584"	"2840121"	"30"	"-1.1333333253860474"	"1.1333333253860474"	"ATAGCCCCGTCCACTCCGCCGCCACCTAAC"	"-1.24,-1.32,-1.32,-1.32,-1.36,-1.24"
"585"	"2853835"	"28"	"-1.1071428060531616"	"1.1071428060531616"	"AATCCCCCTCCGCATGACGAATCCCAAG"	"-1.28,-1.28,-1.28,-1.24"
"586"	"2854380"	"29"	"-1.0689655542373657"	"1.0689655542373657"	"TTAGCCGCGGTCGCCCCGCCCCACATAAA"	"-1.24,-1.24,-1.24,-1.24,-1.28"
"587"	"2854387"	"31"	"-0.9354838728904724"	"0.9354838728904724"	"CGGTCGCCCCGCCCCACATAAAGCCATCTGG"	"-1.28,-1.24,-1.32,-1.44,-1.44,-1.32,-1.28"
"588"	"2855093"	"25"	"-1.2000000476837158"	"1.2000000476837158"	"CAAAGCCGCCACCAGCAGCCCCACC"	"-1.2"
"589"	"2855098"	"25"	"-1.2000000476837158"	"1.2000000476837158"	"CCGCCACCAGCAGCCCCACCAATTA"	"-1.2"
"590"	"2856102"	"32"	"-1.03125"	"1.03125"	"TTGATTCCCCGCAACGTTCGTCCCCATCACTT"	"-1.24,-1.24,-1.24,-1.32,-1.32,-1.36,-1.36,-1.2"
"591"	"2857134"	"25"	"-1.2400000095367432"	"1.2400000095367432"	"CCCCTTTCCCAAAATCAGCAACTCC"	"-1.24"
"592"	"2859264"	"27"	"-1.1111111640930176"	"1.1111111640930176"	"ATCCCCTCAGGTAAAACCCCTACTTTT"	"-1.2,-1.2,-1.2"
"593"	"2869357"	"25"	"-1.2000000476837158"	"1.2000000476837158"	"CTTCCTCATTCCATTTTACCCCTCC"	"-1.2"
"594"	"2869359"	"27"	"-1.185185194015503"	"1.185185194015503"	"TCCTCATTCCATTTTACCCCTCCGCCA"	"-1.2,-1.28,-1.2"
"595"	"2875826"	"27"	"-1.1111111640930176"	"1.1111111640930176"	"TACTTCCCCATCCTATTCCAACTCCTT"	"-1.2,-1.2,-1.2"
"596"	"2876847"	"32"	"-0.9375"	"0.9375"	"TTAAAAAAACATCCCTTTCCCCACCTAAAAAT"	"-1.2,-1.2,-1.2,-1.2,-1.2,-1.2,-1.2,-1.2"
"597"	"2882546"	"27"	"-1.1111111640930176"	"1.1111111640930176"	"AAACAGAGCACGCTCCCACACCCCCGT"	"-1.24,-1.2,-1.2"
"598"	"2882552"	"41"	"-1.1951220035552979"	"1.1951220035552979"	"AGCACGCTCCCACACCCCCGTGCTCCACCCAACCAAAACTC"	"-1.28,-1.36,-1.4,-1.48,-1.6,-1.68,-1.72,-1.68,-1.76,-1.72,-1.6,-1.48,-1.48,-1.44,-1.48,-1.32,-1.2"
"599"	"2882840"	"25"	"-1.2000000476837158"	"1.2000000476837158"	"ACACAAGACTTAAGTTCCCCCACCC"	"-1.2"
"600"	"2882847"	"34"	"-0.9411764740943909"	"0.9411764740943909"	"ACTTAAGTTCCCCCACCCGTTTACCTTCTTGATT"	"-1.28,-1.28,-1.24,-1.28,-1.28,-1.28,-1.24,-1.28,-1.28,-1.28"
"601"	"2883397"	"28"	"-1.0714285373687744"	"1.0714285373687744"	"GTCCAATAACATGCCCGTACCCCCTTAT"	"-1.2,-1.28,-1.28,-1.2"
"602"	"2885438"	"29"	"-1.3103448152542114"	"1.3103448152542114"	"CCACCCCAATTGCCGTTAAAATACCCCAA"	"-1.2,-1.28,-1.36,-1.36,-1.2"
"603"	"2885533"	"26"	"-1.2307692766189575"	"1.2307692766189575"	"ACCCGAATAGACATATTTCCCCCTCC"	"-1.2,-1.28"
"604"	"2887528"	"26"	"1.3461538553237915"	"1.3461538553237915"	"GGGTTTGCGTGGATATTTGTTGGGGG"	"1.24,1.28"
"605"	"2889153"	"29"	"-1.1034482717514038"	"1.1034482717514038"	"ATTTCCGGCTCAGTCGCCCCGCCCCAAGC"	"-1.28,-1.28,-1.28,-1.24,-1.28"
"606"	"2889161"	"25"	"-1.2000000476837158"	"1.2000000476837158"	"CTCAGTCGCCCCGCCCCAAGCGAGT"	"-1.2"
"607"	"2890271"	"28"	"-1.1428571939468384"	"1.1428571939468384"	"ACTCATTTCTCCCCCTCCTTATCTCCTA"	"-1.2,-1.28,-1.24,-1.24"
"608"	"2892678"	"26"	"1.2307692766189575"	"1.2307692766189575"	"GGCTAGCTTGGGCGATGGAAAGGGGT"	"1.28,1.2"
"609"	"2898559"	"30"	"1.1333333253860474"	"1.1333333253860474"	"TTTTAGGGGGTTCTGGCGGTATTGGTAAGG"	"1.2,1.2,1.2,1.2,1.28,1.36"
"610"	"2899435"	"27"	"-1.0740740299224854"	"1.0740740299224854"	"GAAAAAGCCACCTAAAACCCCGCCCGA"	"-1.2,-1.2,-1.2"
"611"	"2899442"	"25"	"-1.2000000476837158"	"1.2000000476837158"	"CCACCTAAAACCCCGCCCGAGTTAA"	"-1.2"
"612"	"2899605"	"28"	"-1.1071428060531616"	"1.1071428060531616"	"ACACCCCGTATACTGCAAAAGCCCCAAG"	"-1.28,-1.28,-1.24,-1.2"
"613"	"2900152"	"25"	"-1.2000000476837158"	"1.2000000476837158"	"ATAACCCGCATGTCCGAGCGCCCCC"	"-1.2"
"614"	"2914855"	"38"	"-0.9210526347160339"	"0.9210526347160339"	"GTTGTTCCGATACCCCAGCCAGCCCCGTGAAAAAGCCG"	"-1.24,-1.44,-1.4,-1.4,-1.4,-1.4,-1.4,-1.32,-1.24,-1.28,-1.24,-1.32,-1.4,-1.2"
"615"	"2918407"	"40"	"-1.0"	"1.0"	"CACAAGTCCAGCACCAATCCCACCCCCGGCACCTGCTCGC"	"-1.2,-1.32,-1.48,-1.36,-1.28,-1.32,-1.36,-1.44,-1.44,-1.36,-1.32,-1.4,-1.36,-1.4,-1.28,-1.24"
"616"	"2924870"	"25"	"-1.2000000476837158"	"1.2000000476837158"	"AATCCCCAAAACAACCGCAATTCCC"	"-1.2"
"617"	"2924872"	"26"	"-1.2692307233810425"	"1.2692307233810425"	"TCCCCAAAACAACCGCAATTCCCGCC"	"-1.24,-1.32"
"618"	"2925753"	"25"	"-1.2000000476837158"	"1.2000000476837158"	"CCCCATCCCGGTGCTTCCAACCACT"	"-1.2"
"619"	"2933139"	"31"	"-1.0322580337524414"	"1.0322580337524414"	"ATTTTCCATACGTTAACCCCCGCCCTTTTAA"	"-1.28,-1.28,-1.28,-1.28,-1.28,-1.28,-1.2"
"620"	"2939566"	"29"	"-1.1724138259887695"	"1.1724138259887695"	"TCCATGAAGCCGGAACCCCAGCCCCTACA"	"-1.32,-1.32,-1.24,-1.2,-1.2"
"621"	"2939572"	"27"	"-1.1111111640930176"	"1.1111111640930176"	"AAGCCGGAACCCCAGCCCCTACAGAAA"	"-1.2,-1.2,-1.2"
"622"	"2939579"	"27"	"-1.1111111640930176"	"1.1111111640930176"	"AACCCCAGCCCCTACAGAAAGGCCTGT"	"-1.24,-1.2,-1.2"
