"Signature","Position","Length","Spacer length","Mismatch count","Sequence","Spacer","Opposite"
"6-0-1","17","6","0","1","GTCCGT","","ACGTAC"
"6-10-1","38","6","10","1","TCTAAA","ACTCTTGTAG","TTTAAA"
"6-3-1","39","6","3","1","CTAAAA","CTC","TTGTAG"
"7-5-1","40","7","5","1","TAAAACT","CTTGT","AGTTTAA"
"6-1-1","51","6","1","1","TAGTTT","A","AATCTA"
"7-4-1","51","7","4","1","TAGTTTA","AATC","TAATCTA"
"9-3-1","52","9","3","1","AGTTTAAAT","CTA","ATCTAAACT"
"6-1-1","65","6","1","1","TCTAAA","C","TTTATA"
"6-10-1","88","6","10","1","CCTGCG","TGTCCATGCC","CGCGGG"
"9-0-1","97","9","0","1","CCATGCCCG","","CGGGCCTGG"
"6-1-1","156","6","1","1","TCTCTG","C","CAGTGA"
"6-8-1","187","6","8","1","GCAGCC","CACCCATA","GGTTGC"
"7-4-1","266","7","4","1","GATGCTT","CCGA","ACGCATC"
"6-4-1","299","6","4","1","CCCTGA","GAGG","TCAGAG"
"6-5-1","318","6","5","1","GATGGG","TTTTG","CCCCTC"
"6-7-1","326","6","7","1","TTGCCC","CTCTGCT","GCGCAA"
"8-8-1","349","8","8","1","CGAAAGTT","AAAGGAAA","AACTTTGG"
"6-6-1","375","6","6","1","AATCAC","GTGAGG","GTGAAT"
"6-0-1","394","6","0","1","GTAGCC","","GGCTTC"
"6-3-1","396","6","3","1","AGCCGG","CTT","CCAGCT"
"7-2-1","406","7","2","1","CAGCTTT","GG","AATGCTG"
"6-0-1","458","6","0","1","TGAGGA","","TCCCCA"
"7-0-1","474","7","0","1","GTGGAGG","","CCTCAAC"
"6-10-1","494","6","10","1","GGCATT","GCAGTTCGGT","AGTGCC"
"7-5-1","518","7","5","1","CTTGGTT","AAGCC","ATCCAAG"
"6-6-1","542","6","6","1","GTCTAT","TCAGGC","ATGGAC"
"6-7-0","563","6","7","0","TTTGGG","TGTGCTT","CCCAAA"
"6-9-1","581","6","9","1","AACAGC","TGCCATGGG","GTTGTT"
"7-8-1","611","7","8","1","CTGCCTG","TGTAACAC","CAGGGAG"
"6-8-1","623","6","8","1","CACCAG","GGAGTGCT","CTTGTG"
"6-9-1","628","6","9","1","GGGAGT","GCTCTTGTG","ACGCCC"
"6-0-1","645","6","0","1","GCCCAC","","GTGGCC"
"6-6-1","714","6","6","1","GGCTGG","TTCGTT","CCAGTC"
"6-9-1","725","6","9","1","TCCAGT","CACAGCCAT","ACCGGA"
"8-6-1","775","8","6","1","CCATCCTT","CTTCGT","AAGGGTGG"
"6-10-1","783","6","10","1","CTTCGT","AAGGGTGGTA","ACAAAG"
"6-7-1","796","6","7","1","GTAACA","AAGGGTC","TGTGAC"
"6-2-1","884","6","2","1","GGTTCA","TC","TTAACC"
"7-4-1","891","7","4","1","CTTAACC","CGAA","GGGTAAG"
"6-3-1","893","6","3","1","TAACCC","GAA","GGGTAA"
"7-3-1","909","7","3","1","TACTCCT","GCA","AGGCGTA"
"6-3-1","927","6","3","1","GCTCTT","CTT","AAGGGC"
"8-9-1","958","8","9","1","CCATCCTG","TTTGTGGAC","CAGTATGG"
"10-4-1","974","10","4","1","CCAGTATGGT","TGCG","ACTATACTGG"
"7-5-0","1030","7","5","0","ATCTCAC","CTTGA","GTGAGAT"
"6-6-1","1033","6","6","1","TCACCT","TGAGTG","AGATGA"
"6-6-1","1036","6","6","1","CCTTGA","GTGAGA","TGAAGG"
"6-9-1","1074","6","9","1","GACTCC","TTGGATAGT","GAAGTC"
"6-9-1","1127","6","9","1","GGCTGC","TATGCGTCT","GCAGAC"
"7-0-1","1136","7","0","1","GCGTCTG","","CAGACTC"
"6-5-1","1151","6","5","1","TGCTAC","TGTAC","GTTGCA"
"6-10-1","1226","6","10","1","GCCTGC","TCATCTTCTC","GCAGCC"
"7-4-1","1266","7","4","1","CTCCCCC","GTTT","GGTGGAG"
"6-10-1","1298","6","10","1","GGATTC","GTCCGTTACA","GAATTC"
"8-0-1","1309","8","0","1","TTACAGAA","","TTCTGTTA"
"6-9-1","1342","6","9","1","AATGCG","GTTTTATCA","CGCAGT"
"6-1-1","1464","6","1","1","ATGCCC","T","GGGAAT"
"6-5-1","1491","6","5","1","TCAGGT","GTTAT","ACCAGA"
"7-8-1","1513","7","8","1","GTGTTCT","ATTCACTC","AGAGCAC"
"6-0-1","1526","6","0","1","TCAGAG","","CACTGA"
"6-1-1","1536","6","1","1","GATACA","G","TGAATC"
"10-4-1","1652","10","4","1","TAAGTCATAC","TCTG","GTTTGACTTA"
"6-5-1","1712","6","5","1","GACAGA","CGCTA","TATGTC"
"6-2-1","1783","6","2","1","CTATCC","TT","GGATTG"
"7-1-0","1802","7","1","0","TGTCTAT","C","ATAGACA"
"8-0-1","1833","8","0","1","GGTGACTA","","TAGTCTCC"
"6-6-1","1842","6","6","1","AGTCTC","CTCCTT","GAGAAT"
"7-3-1","1873","7","3","1","TTAAGCG","GCG","CGCTGAA"
"8-2-0","1887","8","2","0","GAATTTGC","TT","GCAAATTC"
"7-2-1","1903","7","2","1","TCGCCAC","CT","GTGGAGA"
"6-4-1","1906","6","4","1","CCACCT","GTGG","AGATGG"
"7-7-1","1922","7","7","1","TCTTGTA","CCCCTCC","TACTAGA"
"6-3-1","1937","6","3","1","ACTAGA","TGG","TTTAGT"
"6-3-1","1980","6","3","1","GGTCAA","GCT","TTCACC"
"6-8-1","1989","6","8","1","TTCACC","TCTATGAT","GGTTAA"
"8-2-1","2001","8","2","1","ATGGTTAA","TT","TTAGCCAT"
"7-6-1","2028","7","6","1","GACATGT","GTATGG","ACATGGC"
"7-9-1","2037","7","9","1","ATGGACA","TGGCTTTAT","TGTTCAT"
"6-0-0","2118","6","0","0","CGCTTT","","AAAGCG"
"7-2-1","2146","7","2","1","TCAGAAA","AA","TTACTGA"
"6-10-1","2152","6","10","1","AAATTA","CTGAATGGTT","TGATTT"
"6-6-1","2158","6","6","1","CTGAAT","GGTTTG","ATTTAG"
"6-9-1","2173","6","9","1","TAGCCG","TGGACATTG","CTGCTA"
"6-0-0","2214","6","0","0","TACCAG","","CTGGTA"
"6-5-1","2223","6","5","1","GTAAAT","GGCTT","ATTTGC"
"6-4-1","2234","6","4","1","ATTTGC","AGTG","GCCAAT"
"6-0-1","2239","6","0","1","CAGTGG","","CCAATG"
"7-6-1","2246","7","6","1","CAATGGT","GTTATA","ACCTTTG"
"12-8-1","2279","12","8","1","TGAGCTTGTCAA","GAATTTTG","TTGACAAGTTCA"
"6-7-1","2291","6","7","1","GAATTT","TGTTGAC","AAGTTC"
"6-5-1","2331","6","5","1","ATCGAC","TCTAT","GTCGGT"
"8-8-1","2357","8","8","1","GTCTGGAC","TTACTGTT","GTCAAGAC"
"7-1-1","2400","7","1","1","CTTGCTG","G","CAGTAAG"
"6-8-1","2416","6","8","1","TTTATG","AAGTTGTG","CAGAAA"
"8-4-1","2428","8","4","1","TGCAGAAA","TCTT","TGTCTGCA"
"7-6-1","2460","7","6","1","GTGGGTT","GCAGTG","AAGCCAC"
"6-7-1","2474","6","7","1","AGCCAC","TTGTTTG","GTGGGT"
"6-0-1","2500","6","0","1","AACCTG","","CAGTTT"
"6-6-1","2530","6","6","1","ATGTGG","TTAAAG","CCCCAT"
"7-3-1","2535","7","3","1","GTTAAAG","CCC","CATTAAC"
"6-7-1","2592","6","7","1","ATTTGT","ATTGTGG","ATAAAT"
"7-6-1","2645","7","6","1","TGTGGTT","GTTGAT","AACGACA"
"6-3-1","2649","6","3","1","GTTGTT","GAT","AACGAC"
"6-4-1","2659","6","4","1","ACGACA","CTGT","TGGCGT"
"7-10-1","2663","7","10","1","CACTGTT","GGCGTGTTAG","ATCAGTG"
"6-5-1","2694","6","5","1","TTTCCC","TGTGC","GGGCAA"
"6-0-1","2712","6","0","1","AAAGTC","","GAGTTT"
"7-10-1","2794","7","10","1","CCTTTGA","TAGTGTTCTT","TCGAAGG"
"6-1-1","2822","6","1","1","TTCAGA","G","TTTGAA"
"7-0-1","2888","7","0","1","TGAGAGT","","ACGCTCA"
"9-2-1","2927","9","2","1","AGGCACAAA","AG","TTTGTGCTT"
"8-2-1","2994","8","2","1","GGCGATGA","AG","TGATCGCC"
"6-10-1","3059","6","10","1","TGCAGC","GGATGTTGTA","GATGCA"
"6-10-1","3095","6","10","1","TGATGA","TGCTGAAGAC","TCAGCA"
"6-4-0","3101","6","4","0","TGCTGA","AGAC","TCAGCA"
"6-4-1","3106","6","4","1","AAGACT","CAGC","AGTCCT"
"6-0-1","3178","6","0","1","CGGAAA","","TTTGCG"
"6-3-1","3184","6","3","1","TTTGCG","TTG","CGCATA"
"6-6-1","3204","6","6","1","AGTCAA","GAAGAA","TTGGCT"
"6-0-1","3256","6","0","1","CCTCTG","","CTGAGG"
"6-9-1","3348","6","9","1","TGCCCC","GATCAAGTG","GAGGCA"
"7-4-1","3356","7","4","1","TCAAGTG","GAGG","CATTTGA"
"6-1-1","3369","6","1","1","TTTGAA","A","TTGAAA"
"8-6-1","3437","8","6","1","CAAGACCT","ATGAGG","ATGTCTTG"
"7-4-1","3459","7","4","1","GCATTCG","ATGC","CGTATGC"
"6-10-1","3489","6","10","1","TCTGCA","TTCTATGCTG","TGCCGA"
"6-3-1","3490","6","3","1","CTGCAT","TCT","ATGCTG"
"9-0-1","3519","9","0","1","ACGCACTTT","","AAAGTGTGT"
"6-0-1","3556","6","0","1","TAGAGC","","GCACTA"
"6-1-1","3584","6","1","1","TACTTT","G","ATAGTA"
"6-9-1","3585","6","9","1","ACTTTG","ATAGTAATG","CAGAGT"
"6-10-1","3650","6","10","1","GTCTTA","CAAGGCCGGC","TATGAC"
"6-8-1","3668","6","8","1","TGACCA","ATGCTTTG","TGGACA"
"8-9-1","3720","8","9","1","CTTCCACA","AGGTGGTTA","TGTGGCAG"
"6-1-1","3740","6","1","1","GGCAGA","T","TTTGCC"
"6-3-1","3764","6","3","1","AAGCCA","GTG","TAGCTT"
"6-8-1","3773","6","8","1","TAGCTT","TAAAGCTT","ATGCTA"
"6-0-0","3774","6","0","0","AGCTTT","","AAAGCT"
"6-0-1","3822","6","0","1","TTAAAG","","CTTCAA"
"6-2-1","3825","6","2","1","AAGCTT","CA","AGGCTT"
"6-1-1","3829","6","1","1","TTCAAG","G","CTTGGA"
"6-6-1","3831","6","6","1","CAAGGC","TTGGAC","GCCATG"
"6-8-1","3842","6","8","1","CGCCAT","GTTTTTCT","ATGGGG"
"6-10-1","3855","6","10","1","TATGGG","GACGTTGTGT","CTCATA"
"6-3-1","3888","6","3","1","GGTAAT","AGC","ATGACC"
"6-0-1","3907","6","0","1","TGTCTG","","CAGATA"
"6-9-1","3958","6","9","1","TTTGCG","CTTTTTACA","CGCCAA"
"6-8-1","3964","6","8","1","CTTTTT","ACACGCCA","AGAAAG"
"7-9-1","4023","7","9","1","CACTCTA","TGGCTGTAG","TAGAGGG"
"6-5-0","4058","6","5","0","TGGTAA","AGTGG","TTACCA"
"6-8-1","4061","6","8","1","TAAAGT","GGTTACCA","AATTTA"
"8-5-1","4068","8","5","1","GTTACCAA","ATTTA","TTGGTGAC"
"9-5-1","4073","9","5","1","CAAATTTAT","TGGTG","ACAAATTTG"
"6-1-1","4080","6","1","1","ATTGGT","G","ACAAAT"
"6-1-1","4141","6","1","1","AACTCG","C","CCAGTT"
"6-9-0","4151","6","9","0","GTTATA","TGGTTCATG","TATAAC"
"6-3-1","4153","6","3","1","TATATG","GTT","CATGTA"
"6-9-1","4167","6","9","1","ATAACA","CCAAATGTT","TGTTTT"
"6-2-1","4172","6","2","1","ACCAAA","TG","TTTGTT"
"6-5-1","4252","6","5","1","ATGGGC","GTATG","GCTCAT"
"6-9-1","4279","6","9","1","TTGCAG","GTGCTATAG","CTGAAA"
"6-7-1","4298","6","7","1","AAAGGC","GGGCAGT","GCTTTT"
"6-0-1","4312","6","0","1","CTTTTA","","TTAAAG"
"6-1-1","4314","6","1","1","TTTATT","A","AAGAAA"
"6-10-1","4394","6","10","1","GTTATG","TAAAAAGGTG","CTTAAC"
"7-7-1","4397","7","7","1","ATGTAAA","AAGGTGC","TTAACAT"
"6-2-1","4429","6","2","1","ATGCGC","GA","GGGCAT"
"7-2-1","4439","7","2","1","GCATGGC","AA","GCAATGC"
"6-5-1","4441","6","5","1","ATGGCA","AGCAA","TGCTAT"
"6-0-1","4472","6","0","1","TGCTTA","","TCAGCA"
"7-6-1","4474","7","6","1","CTTATCA","GCATAT","TAATAAG"
"6-0-1","4482","6","0","1","CATATT","","AATAAG"
"7-2-0","4495","7","2","0","GTGACAA","TG","TTGTCAC"
"6-6-1","4569","6","6","1","CTTGGT","GTAGTG","ACAAAG"
"7-5-1","4577","7","5","1","AGTGACA","AAGAA","TGTCATT"
"7-1-0","4584","7","1","0","AAGAATG","T","CATTCTT"
"6-1-1","4597","6","1","1","TTGTCA","G","TAACAA"
"6-0-1","4688","6","0","1","CAAAAA","","TTTGTG"
"6-4-1","4733","6","4","1","TTCGCT","TTTT","AGTGAA"
"6-8-1","4748","6","8","1","ATCTTG","CTTTGTCT","CAAGCT"
"6-6-1","4751","6","6","1","TTGCTT","TGTCTC","AAGCTA"
"6-10-1","4800","6","10","1","CATGAT","ATACAATTGG","ATGATG"
"6-0-1","4806","6","0","1","ATACAA","","TTGGAT"
"6-6-1","4851","6","6","1","GACTGT","CTGCCC","ACAGAC"
"7-4-1","4853","7","4","1","CTGTCTG","CCCA","CAGACTG"
"6-10-1","4879","6","10","1","TTAACA","AATTTGATAG","TGTTGA"
"7-0-1","4880","7","0","1","TAACAAA","","TTTGATA"
"8-6-1","4897","8","6","1","TTGATGGT","GTTAGA","ACCATTAA"
"6-6-1","4913","6","6","1","CATTAA","GTATTT","TGAATG"
"6-5-1","4927","6","5","1","AATGCC","CGGGC","GGGATT"
"8-6-1","4935","8","6","1","GGCGGGAT","TTTTGT","ATCCAGCC"
"6-10-1","5074","6","10","1","TCCGCT","CCTGCTGCGT","AGCAGA"
"7-0-1","5081","7","0","1","CTGCTGC","","GTAGCAG"
"6-4-1","5131","6","4","1","TTTGTG","ATGG","CATAAA"
"6-2-1","5138","6","2","1","TGGCAT","AA","ATGTCA"
"7-1-1","5150","7","1","1","CACCAAA","G","TTAGGTG"
"6-7-1","5205","6","7","1","GATTTG","TCCGAGG","CAGATC"
"7-6-1","5244","7","6","1","TTTGGTT","TTGATG","AACCACA"
"6-6-1","5248","6","6","1","GTTTTG","ATGAAC","CACAAC"
"6-0-1","5269","6","0","1","TGAAGT","","ACTACA"
"6-7-1","5308","6","7","1","TAGTTG","TTTGTGG","CAATTA"
"6-9-1","5338","6","9","1","AGCAGT","CAAATAATA","ATTGCT"
"6-1-1","5344","6","1","1","CAAATA","A","TAATTG"
"7-10-1","5366","7","10","1","TGTGGCA","TGTTTAATGC","TGCAACA"
"6-3-1","5389","6","3","1","ACTTGA","GTT","TAAAGT"
"6-2-1","5455","6","2","1","CACTAA","GG","TTTGTG"
"7-7-1","5456","7","7","1","ACTAAGG","TTTGTGT","CCTTGGT"
"7-10-1","5467","7","10","1","TGTCCTT","GGTATTAGCA","AAGGGCA"
"6-1-1","5472","6","1","1","TTGGTA","T","TAGCAA"
"7-0-1","5492","7","0","1","CTTTAAA","","TTTAATG"
"6-2-1","5539","6","2","1","TGCTAC","GT","GAAGCA"
"6-2-1","5573","6","2","1","CAATTT","GG","AATTTG"
"7-0-1","5687","7","0","1","CGCATGT","","ACGTGCG"
"8-10-1","5724","8","10","1","CAATTTAA","CGTACCATTT","TTAATTTG"
"7-9-1","5725","7","9","1","AATTTAA","CGTACCATT","TTTAATT"
"6-10-1","5751","6","10","1","TCCAAC","ACACCAGAGG","GTAGGA"
"6-4-1","5765","6","4","1","GGGTAG","GAAA","CTGCCC"
"6-5-1","5815","6","5","1","GTAGTG","TGGGC","CATTAC"
"8-4-1","5826","8","4","1","CATTACAC","GCAT","GTGAAATG"
"6-9-1","5846","6","9","1","TAAACC","CAAGTACCA","GCTTTA"
"7-8-1","5856","7","8","1","TACCAGC","TTTATGAT","GCTTGTA"
"6-7-1","5904","6","7","1","GGTAAT","TTTACCG","ATTGCC"
"7-2-1","5927","7","2","1","CCTTAAA","AA","TTTAAAG"
"7-1-1","5928","7","1","1","CTTAAAA","A","TTTAAAG"
"8-5-1","5931","8","5","1","AAAAATTT","AAAGC","AAACTTTT"
"6-10-1","5941","6","10","1","AGCAAA","CTTTTTCGTC","TGTGCT"
"7-2-1","5952","7","2","1","TCGTCTG","TG","CTGACGA"
"7-1-1","5975","7","1","1","TTTAGAT","G","ATGTAAA"
"8-1-1","6015","8","1","1","TCGCAGTA","T","TACTGTGA"
"6-4-1","6077","6","4","1","AACATT","TGAG","AAGGTT"
"6-9-1","6090","6","9","1","GTTGAT","GGTGTCTAT","ACCAAC"
"6-2-1","6095","6","2","1","TGGTGT","CT","ATACCA"
"8-1-1","6105","8","1","1","ACCAACTT","T","AAATTGGT"
"8-10-1","6128","8","10","1","TAGTATTG","CTGAAAAACT","CAATGCTA"
"6-5-1","6129","6","5","1","AGTATT","GCTGA","AAAACT"
"7-6-1","6172","7","6","1","ATTCTCC","CTTTGT","GGAGTAT"
"6-5-1","6202","6","5","1","AGTGGC","CAACA","GCTACT"
"6-5-1","6210","6","5","1","ACAGCT","ACTGG","AGATGT"
"6-6-1","6307","6","6","1","GCCATG","AGGAAG","CATCGC"
"6-5-1","6327","6","5","1","AAATCT","CTCAC","ATATTT"
"6-0-1","6369","6","0","1","AATAAA","","TTTAAT"
"8-4-1","6395","8","4","1","TGTCAGTG","AACC","CACGGACA"
"6-9-1","6418","6","9","1","GGCCTG","TGCCTGCTG","CAGTCC"
"6-1-1","6425","6","1","1","GCCTGC","T","GCAGTC"
"8-0-1","6458","8","0","1","AGCTGATG","","CGTCAGCT"
"6-6-1","6482","6","6","1","TATTGC","CAAGGA","GCAAAA"
"7-9-1","6490","7","9","1","AGGAGCA","AAAAGCCTG","TGCTTCT"
"7-9-1","6493","7","9","1","AGCAAAA","AGCCTGTGC","TTCTGCT"
"6-4-1","6497","6","4","1","AAAAGC","CTGT","GCTTCT"
"6-3-1","6556","6","3","1","CATCTG","TTT","CAGCTG"
"6-4-1","6601","6","4","1","TTAAAA","AGCC","TGTTAA"
"7-5-1","6659","7","5","1","CAAAGTT","GTTAA","AAGTTTG"
"6-3-1","6705","6","3","1","CTGACA","GGG","TGTAAG"
"6-6-1","6809","6","6","1","AACACC","CGCTAA","GTTGTT"
"6-6-1","6874","6","6","1","AGGCGA","AAGCTA","TTGCCT"
"6-4-1","6943","6","4","1","TTAATA","CTGA","TAATAA"
"8-4-1","6982","8","4","1","CTTCAAAG","CTTA","CTTTCAAG"
"6-4-1","7013","6","4","1","GGCCTT","TAAG","AATGCC"
"7-5-1","7016","7","5","1","CTTTAAG","AATGC","CTTACAG"
"7-9-1","7100","7","9","1","TAACTTT","TTGTATGCT","AATGTTA"
"6-1-1","7137","6","1","1","TATTTG","C","CTAATA"
"7-0-1","7142","7","0","1","GCCTAAT","","ATTGGGC"
"7-9-1","7156","7","9","1","CTCTCCC","TACGTTTGT","GGGACAG"
"6-10-1","7217","6","10","1","CATCTG","TGATTTCTAC","CAGGTG"
"6-6-1","7284","6","6","1","TGTGAA","CTATGC","TTCTCA"
"6-2-1","7342","6","2","1","TTCAAC","AC","GTTGTA"
"6-3-1","7343","6","3","1","TCAACA","CGT","TGTAGA"
"6-1-1","7386","6","1","1","CTATTT","A","AATTAG"
"6-10-1","7431","6","10","1","ACTGTG","TGCTTCTACC","CACTGT"
"6-1-1","7578","6","1","1","CGATTT","T","ACATCG"
"7-9-1","7584","7","9","1","TACATCG","TGGTGACAG","CTATGTA"
"7-9-1","7609","7","9","1","AGGTCTA","TTGTCTTTG","TAGACAT"
"6-3-1","7626","6","3","1","AGACAT","GTT","ATGTAT"
"6-4-1","7693","6","4","1","GTGTTA","AGTG","TAGCAC"
"6-6-1","7704","6","6","1","AGCACC","GTTGTT","GGTGGT"
"6-9-1","7709","6","9","1","CGTTGT","TGGTGGTTC","ACTACG"
"8-3-1","7729","8","3","1","GCTATTAC","GAT","GTAATGGC"
"6-4-1","7756","6","4","1","GCACAG","GTTT","CTGTAC"
"7-9-1","7783","7","9","1","GGAACTG","TCTTAATTG","CAATTCC"
"7-3-1","7802","7","3","1","TTCCTGG","AAA","CCAGGCA"
"7-1-1","7824","7","1","1","TTCATAA","C","TCATGAA"
"6-2-1","7859","6","2","1","GGAGTT","GA","AACGCC"
"6-1-1","7883","6","1","1","AACAGA","T","TCTGCT"
"6-1-1","7901","6","1","1","CTCGGT","C","ACAGAG"
"6-6-1","8076","6","6","1","GATAAA","GCTGGT","TTTCTC"
"6-6-1","8122","6","6","1","TCTACA","GACCTA","TGTTGA"
"6-10-1","8167","6","10","1","CCAACA","CTGGTTTGTC","TGTTAG"
"7-3-1","8188","7","3","1","GTCGAAC","TAT","GTTTGAC"
"6-1-1","8230","6","1","1","TCCTCG","A","CGTGGA"
"6-3-1","8254","6","3","1","TAACAA","GTT","TTGTAA"
"6-5-1","8281","6","5","1","ACTCTC","TAAAG","GAGGGT"
"6-3-0","8297","6","3","0","TGTTCA","GCT","TGAACA"
"6-2-1","8302","6","2","1","AGCTTG","AA","CAAGTT"
"7-2-1","8311","7","2","1","AAGTTAT","GG","ATACCTT"
"6-0-1","8392","6","0","1","CCGTCA","","TGTCGG"
"6-6-1","8401","6","6","1","CGGCAG","TAAATG","CTGGCG"
"6-1-1","8436","6","1","1","AGTTGT","A","ATAACT"
"6-1-1","8467","6","1","1","AAAGTG","A","CACTAT"
"6-1-1","8500","6","1","1","TTCTTA","T","TCAGAA"
"6-1-0","8503","6","1","0","TTATTC","A","GAATAA"
"7-0-1","8521","7","0","1","AGCATGT","","ACAGGCT"
"7-4-1","8545","7","4","1","AAGCCGC","TAAT","GTGGCTT"
"6-7-1","8551","6","7","1","CTAATG","TGGCTTG","CATTTG"
"7-5-1","8595","7","5","1","TCTGCTG","ACTTA","CAGCATA"
"6-0-1","8607","6","0","1","CAGCAT","","AGGCTG"
"8-8-1","8627","8","8","1","ATGTTCAA","AAACTGGC","TTGAAGAT"
"6-3-1","8641","6","3","1","GCTTGA","AGA","TTAAGC"
"6-0-1","8646","6","0","1","AAGATT","","AAGCTT"
"6-0-1","8649","6","0","1","ATTAAG","","CTTACT"
"7-3-1","8654","7","3","1","GCTTACT","TAT","AATAAGC"
"7-1-1","8657","7","1","1","TACTTAT","A","ATAAGCA"
"7-6-1","8782","7","6","1","TGTGGGC","CCTTAT","GCCAACA"
"6-4-1","8790","6","4","1","CTTATG","CCAA","CATATG"
"6-1-1","8802","6","1","1","TATGCA","G","TGCACA"
"6-7-1","8809","6","7","1","TGCACA","AATCGGA","TATGCA"
"6-1-1","8813","6","1","1","CAAATC","G","GATATG"
"7-7-1","8833","7","7","1","CTTTATA","TGCCAGT","TTTAAAG"
"7-7-1","8878","7","7","1","ATGTGTC","TGTTACT","GACGCAT"
"6-0-1","8892","6","0","1","GACGCA","","TGCTTC"
"8-1-1","8909","8","1","1","CAAATTTA","A","TCAATTTG"
"8-1-1","8914","8","1","1","TTAATCAA","T","TTGATCAA"
"6-2-1","9021","6","2","1","ACCTTA","TT","TAATGT"
"8-9-1","9063","8","9","1","CATGTGTT","GCATTTTAT","AACCCATG"
"7-4-1","9103","7","4","1","GCGTGCA","GTGT","TACACGC"
"6-7-1","9123","6","7","1","CATATG","CAAATCC","CCTATG"
"7-0-1","9187","7","0","1","TGCTTGC","","GCATGCA"
"6-8-1","9196","6","8","1","ATGCAG","ATGGAACC","CCGCAT"
"6-7-1","9347","6","7","1","GCGTGT","TGTGCGC","ACTCGC"
"6-6-1","9372","6","6","1","ACCTAC","TGCAGG","GTTGGT"
"7-7-1","9431","7","7","1","TCGTTCA","TGGGTAT","TGAACAA"
"6-8-1","9437","6","8","1","ATGGGT","ATTGAACA","ACCCGT"
"6-1-1","9453","6","1","1","CCGTAT","T","ATAGGG"
"8-1-1","9499","8","1","1","TTGATTTA","A","TACATCAA"
"6-5-1","9505","6","5","1","TAATAC","ATCAA","GTTTTA"
"6-5-1","9554","6","5","1","CTTAAC","GGCGA","GTTCAG"
"7-8-1","9606","7","8","1","GCTTTCT","ATTATTTA","ATAAAGC"
"7-2-1","9610","7","2","1","TCTATTA","TT","TAATAAA"
"8-0-1","9646","8","0","1","ACTACACT","","AGTGTTGT"
"6-8-1","9746","6","8","1","TTGTTT","TTATTTCT","ACACAA"
"8-4-1","9770","8","4","1","TTATTTCC","CTTC","GGAGATAA"
"6-1-1","9871","6","1","1","TTGTTT","C","AAACCA"
"6-0-1","9880","6","0","1","ACCATG","","CATTGT"
"6-10-1","9961","6","10","1","TTACTA","CCTTTATGAT","TACTAA"
"7-7-1","9971","7","7","1","TATGATT","ACTAAAG","AATCTTA"
"6-10-1","9976","6","10","1","TTACTA","AAGAATCTTA","TTGTAA"
"6-3-1","9986","6","3","1","ATCTTA","TTG","TAAGTT"
"6-3-1","10001","6","3","1","GAAAAA","TTC","TGTTTC"
"7-3-1","10048","7","3","1","ATAACAA","GTA","TCGTTAT"
"7-10-1","10068","7","10","1","AGTGGCA","AAATGGATAC","TGCCGCT"
"6-5-1","10086","6","5","1","GCCGCT","TATAG","AGAGGC"
"6-1-1","10097","6","1","1","AGAGGC","T","GCCTGT"
"8-3-1","10103","8","3","1","TGCCTGTT","CAC","AACTGGCA"
"6-10-1","10133","6","10","1","AACATT","TAACCATAAT","AATGGT"
"7-0-1","10141","7","0","1","ACCATAA","","TAATGGT"
"6-7-1","10143","6","7","1","CATAAT","AATGGTA","ATGATG"
"6-6-1","10222","6","6","1","AGATGG","TGTCGC","CCACCT"
"6-3-1","10234","6","3","1","CCACCT","CTA","AAGTGG"
"6-5-0","10265","6","5","0","TGTTAC","TTATG","GTAACA"
"6-0-1","10348","6","0","1","CTGACA","","TGACAG"
"6-2-1","10392","6","2","1","ACATCA","AG","TGATTT"
"6-1-1","10430","6","1","1","CCTTAC","T","GTAATG"
"6-10-1","10491","6","10","1","AATCCT","AACACGCCTA","AGTATT"
"6-5-1","10503","6","5","1","CCTAAG","TATTC","CTTCGG"
"6-9-1","10545","6","9","1","ACTGTA","CTGGCTGCA","TACAAT"
"6-8-1","10553","6","8","1","GGCTGC","ATACAATG","GCAGAC"
"6-4-1","10575","6","4","1","CAAGGA","GCCT","TCCATG"
"6-7-1","10605","6","7","1","AGCCAT","ACCATAA","AGGGCT"
"6-9-1","10613","6","9","1","CATAAA","GGGCTCCTT","TCTATG"
"7-3-1","10614","7","3","1","ATAAAGG","GCT","CCTTTCT"
"6-9-1","10620","6","9","1","GGCTCC","TTTCTATGT","GGATCC"
"7-6-1","10637","7","6","1","ATCCTGC","GGTTCT","GTAGGAT"
"6-2-1","10697","6","2","1","TCAGCT","AG","AGTTGA"
"9-6-1","10710","9","6","1","AGTACTGGT","TGTCAT","ACCGGTACT"
"6-6-1","10743","6","6","1","GGGAAC","TTTTAT","GGTCCC"
"6-0-1","10757","6","0","1","TCCCTA","","TAGAGA"
"6-5-1","10772","6","5","1","GCAAGT","TGTAC","AATTGC"
"6-0-1","10775","6","0","1","AGTTGT","","ACAATT"
"6-6-1","10778","6","6","1","TGTACA","ATTGCC","TGTTCA"
"6-4-1","10837","6","4","1","CTGCTA","TTTT","TAACAG"
"6-0-1","10850","6","0","1","CAGATG","","CAACTG"
"6-3-1","10904","6","3","1","TTGGGC","TAT","GACCAA"
"6-9-1","10920","6","9","1","GGTTTT","AGCTCAATC","AAAGCC"
"7-10-1","10932","7","10","1","ATCAAAG","CCGATCTTGT","CTTGGAT"
"6-9-1","10957","6","9","1","CGCTTG","CTTCTATGA","CAGGCG"
"6-4-1","10998","6","4","1","GCCGCT","ATTA","AGAGGC"
"6-7-1","11036","6","7","1","ACAAAT","TTTAGGT","AGTTGT"
"6-2-1","11073","6","2","1","ACACCA","AG","TGATGT"
"6-0-1","11084","6","0","1","TGTTTA","","TCAACA"
"7-3-1","11098","7","3","1","TAGCTGG","TGT","CAAGCTA"
"6-8-1","11229","6","8","1","ACTACC","CATATGTT","GGGAGT"
"6-8-1","11282","6","8","1","TATGTT","GTTGATCA","AGCATA"
"6-5-1","11332","6","5","1","CTGTGT","TATGC","ACACTG"
"7-9-1","11352","7","9","1","TACACCA","ACTATTTGG","TTGTGTA"
"7-0-1","11355","7","0","1","ACCAACT","","ATTTGGT"
"6-2-1","11357","6","2","1","CAACTA","TT","TGGTTG"
"7-8-1","11360","7","8","1","CTATTTG","GTTGTGTA","CAAACAG"
"7-2-1","11365","7","2","1","TGGTTGT","GT","ACAAACA"
"6-1-1","11429","6","1","1","TGTAGA","T","TATACA"
"7-0-1","11437","7","0","1","ATACATA","","TATGGAT"
"6-1-1","11472","6","1","1","TTGCTA","G","TAGCTA"
"6-5-1","11492","6","5","1","TGTTAC","CATGC","GTAGCA"
"8-8-1","11592","8","8","1","GAGGAAGA","GGTACTAT","TGTTCCTC"
"7-4-1","11598","7","4","1","GAGGTAC","TATT","GTTCCTC"
"6-4-1","11637","6","4","1","ACATGG","ACTA","CTATGT"
"6-3-1","11642","6","3","1","GACTAC","TAT","GTTGTC"
"9-10-1","11690","9","10","1","GGCTGTGAA","TGTCTTGTAC","TTCACAGAC"
"6-10-1","11698","6","10","1","ATGTCT","TGTACTTCAC","AGACGT"
"7-3-1","11705","7","3","1","GTACTTC","ACA","GACGTAC"
"6-1-1","11724","6","1","1","CAAATT","A","AATTAG"
"6-1-1","11726","6","1","1","AATTAA","A","TTAGTT"
"6-4-1","11734","6","4","1","TAGTTC","TTTT","GAGCTA"
"7-7-1","11797","7","7","1","TCCTTAA","TAGCATT","TTTAGGA"
"8-7-1","11802","8","7","1","AATAGCAT","TTTTAGG","ATGCCATT"
"6-4-1","11816","6","4","1","GATGCC","ATTG","GGCGTC"
"6-5-1","11844","6","5","1","ATCTCC","GTTCA","GGAGTT"
"6-2-0","11918","6","2","0","GCTTAA","TT","TTAAGC"
"8-6-1","11958","8","6","1","ATTGAAGT","ATCTCA","AATTCAAT"
"6-2-0","11975","6","2","0","TCAATC","AA","GATTGA"
"6-5-1","12021","6","5","1","AATTGC","CTCCA","GCACTT"
"6-10-1","12051","6","10","1","AATTCT","AAGTTGTGGC","AGTATT"
"6-2-1","12067","6","2","1","AGTATT","GT","AGTACT"
"7-9-1","12075","7","9","1","AGTACTT","TGCACAATG","AAATACT"
"7-3-1","12179","7","3","1","TAGCAAG","TGC","CTTGCAA"
"6-0-1","12228","6","0","1","GACAAT","","ACTGTC"
"6-1-1","12230","6","1","1","CAATAC","T","GTCTTG"
"6-0-1","12237","6","0","1","GTCTTG","","CAAGCC"
"6-1-1","12241","6","1","1","TGCAAG","C","CTTACA"
"6-1-1","12380","6","1","1","TGCTAA","G","TCAGCA"
"7-2-1","12400","7","2","1","GCGACAG","AG","CTGTTGC"
"7-1-1","12500","7","1","1","GTCTGCA","T","TGCAAAC"
"6-4-1","12504","6","4","1","GCATTG","CAAA","CCATGC"
"8-4-1","12513","8","4","1","ACCATGCT","CTTT","AGTATGGT"
"6-5-1","12538","6","5","1","AGCTAG","ATAAC","CAAGCT"
"6-6-1","12554","6","6","1","TCTTAA","TTCTAT","TTTAGA"
"6-5-1","12582","6","5","1","AAGGGT","TGTGT","ACCTTT"
"6-9-1","12598","6","9","1","TGAATG","CAATACCAT","CATTGA"
"6-7-1","12626","6","7","1","CACTCT","GACTATA","ATAGTG"
"6-9-1","12629","6","9","1","TCTGAC","TATAATAGT","GCCAGA"
"7-5-1","12702","7","5","1","AATGTAT","GGCAT","ATACAGT"
"6-1-1","12704","6","1","1","TGTATG","G","CATATA"
"6-1-1","12712","6","1","1","ATATAC","A","GTTTAT"
"8-9-1","12753","8","9","1","TTGAATGA","GATAGATGT","TAATTCAA"
"6-8-1","12803","6","8","1","TAGGCA","TAATGAAG","TGTCTA"
"6-5-1","12824","6","5","1","TGTTGT","TTTGC","AGAACA"
"8-0-1","12826","8","0","1","TTGTTTTG","","CAGAACAA"
"6-10-1","12852","6","10","1","CCTCAG","AAGTTGAGAA","CTCAGG"
"8-4-1","12861","8","4","1","TTGAGAAC","TCAG","GTTGTCAA"
"8-7-1","12901","8","7","1","GTAATACT","CCTACCC","AGTGTTAC"
"7-3-1","12916","7","3","1","AGTGTTA","CTA","TAATACT"
"6-1-1","12921","6","1","1","TACTAT","A","ATACTA"
"6-9-1","13042","6","9","1","CCTGTA","AGTTTTCTG","TTCAGG"
"6-10-1","13057","6","10","1","TTCAGG","ATGTGAAGGG","CCTTAA"
"6-1-1","13066","6","1","1","TGAAGG","G","CCTTAA"
"7-6-1","13078","7","6","1","AAATTAA","GTACCT","TTACTTT"
"7-3-1","13088","7","3","1","CCTTTAC","TTT","GTGAAGG"
"6-7-1","13161","6","7","1","TTGCAG","GCGGGTA","CGGCAA"
"6-9-1","13180","6","9","1","CTGAGT","ATGCCTCCA","ACTCTG"
"11-10-1","13216","11","10","1","GTGCGTTTTCT","GTAGATCCTA","AGAAAACGTAC"
"6-8-1","13261","6","8","1","AACAGG","GTGGAGTT","CCCGTT"
"6-8-1","13307","6","8","1","CCATGC","TGGCACTG","GTATGG"
"8-2-1","13409","8","2","1","TGAACATC","CA","GATGTTGA"
"6-4-1","13413","6","4","1","CATCCA","GATG","TTGATG"
"6-8-1","13436","6","8","1","CAAATT","ACGCGGCA","AGTTTG"
"7-7-1","13484","7","7","1","TGTGTCA","TATGTGT","TGACGCA"
"6-2-1","13492","6","2","1","ATGTGT","TG","ACGCAT"
"8-4-1","13544","8","4","1","CTGTTCCT","GTGT","AGGCACAG"
"6-4-0","13549","6","4","0","CCTGTG","TAGG","CACAGG"
"7-7-1","13578","7","7","1","TCAAAAG","ACACGAA","CTTTTTA"
"7-3-1","13645","7","3","1","CAGTGGC","TTG","GACACTG"
"7-4-1","13652","7","4","1","TTGGACA","CTGA","TGTTCAA"
"6-6-1","13666","6","6","1","TCAATT","AAGGGC","ATTTGA"
"7-7-1","13691","7","7","1","AATGCTA","ATCGAGC","TGGCATT"
"6-1-1","13714","6","1","1","TTTGTA","T","TATAAA"
"11-7-1","13776","11","7","1","ATAAGTTCTTT","GTTGTTA","AAAGAACTAAT"
"6-2-1","13787","6","2","1","GTTGTT","AA","AAGAAC"
"6-8-1","13844","6","8","1","ACAAAA","GAATGCGG","TGTTGT"
"6-5-1","13867","6","5","1","TGAACA","CGAGT","TCTTCA"
"6-0-1","13868","6","0","1","GAACAC","","GAGTTC"
"8-3-1","13879","8","3","1","CTTCACAT","TTG","ATGTGGAG"
"6-1-1","13929","6","1","1","ATCTTT","C","AAAGTT"
"6-2-1","13935","6","2","1","CAAAGT","TT","ACTATG"
"6-0-1","13959","6","0","1","GCTATG","","CATTGC"
"7-10-0","13965","7","10","0","CATTGCG","TCATTTTGAC","CGCAATG"
"6-9-1","13977","6","9","1","TTGACC","GCAATGATT","GTTCAA"
"8-1-1","14002","8","1","1","TAAGGAAA","T","TCTCCTTA"
"10-4-1","14037","10","4","1","AGTCCTACTT","CCAA","AAGAAGGACT"
"6-5-1","14042","6","5","1","TACTTC","CAAAA","GAAGGA"
"6-4-1","14066","6","4","1","GATTTT","GTTG","AGAATC"
"7-1-1","14115","7","1","1","CTATATT","T","AATAGAG"
"7-1-1","14142","7","1","1","CTGCCAA","G","TTTGCAG"
"7-2-1","14182","7","2","1","AGGTGTT","TT","AACACTT"
"6-2-1","14189","6","2","1","TTAACA","CT","TGATAA"
"6-1-0","14195","6","1","0","CTTGAT","A","ATCAAG"
"6-7-1","14282","6","7","1","TCTTAT","TATTCAT","ATATGA"
"6-6-0","14377","6","6","0","TCAGTA","TGATTT","TACTGA"
"9-9-1","14455","9","9","1","CACCTGTGA","GTGCGAGGA","TGACAGGTG"
"6-8-1","14478","6","8","1","GGTGCA","TTATTCAT","TGCGCC"
"7-2-0","14521","7","2","0","GGTCTTA","CC","TAAGACC"
"8-0-1","14636","8","0","1","GATGTGGA","","TACACATC"
"6-1-1","14683","6","1","1","GTATGC","T","GCAGAC"
"6-10-1","14721","6","10","1","GTGCAC","TGCTTGATTT","GCGCAC"
"6-0-1","14733","6","0","1","ATTTGC","","GCACAT"
"6-7-1","14764","6","7","1","TATTAC","AAGTGGC","GTAAAA"
"6-3-1","14828","6","3","1","TTTATT","TTG","AGTAAA"
"6-10-1","14833","6","10","1","TTTGAG","TAAAGGCCTG","CTTAAA"
"6-1-1","14875","6","1","1","GAAGCA","C","TTCTTC"
"6-8-1","14887","6","8","1","CTTTAC","GCAGGATG","GTAATG"
"7-4-1","14893","7","4","1","GCAGGAT","GGTA","ATGCTGC"
"6-0-1","14917","6","0","1","TGATTA","","TAATTA"
"10-5-1","14918","10","5","1","GATTATAATT","ATTAC","AAGTATAATC"
"6-0-1","14920","6","0","1","TTATAA","","TTATTA"
"7-1-1","14920","7","1","1","TTATAAT","T","ATTACAA"
"6-2-1","14928","6","2","1","ATTACA","AG","TATAAT"
"7-6-1","14940","7","6","1","ATCTACC","CACCAT","GGTGGAT"
"9-0-1","14943","9","0","1","TACCCACCA","","TGGTGGATA"
"7-8-1","15013","7","8","1","TGAGGGT","GGGTGTAT","ACCCGCA"
"6-0-1","15020","6","0","1","GGGTGT","","ATACCC"
"6-0-1","15044","6","0","1","ATTGTT","","AATAAT"
"6-0-1","15049","6","0","1","TAATAA","","TTATGA"
"6-3-1","15108","6","3","1","ATTATG","AGG","CATTAT"
"6-9-1","15124","6","9","1","ATTTGA","GGAGCAGGA","TGAAAT"
"7-3-1","15148","7","3","1","TGCGTAT","ACC","AAACGCA"
"6-10-1","15200","6","10","1","TATGCT","ATTAGTGCTA","AGAATA"
"6-2-1","15205","6","2","1","TATTAG","TG","CTAAGA"
"6-4-1","15225","6","4","1","CCCGCA","CCGT","TGCTGG"
"6-2-1","15320","6","2","1","CCTGTA","GT","TATAGG"
"6-5-1","15379","6","5","1","TATTAA","AGATG","TTGATA"
"6-3-1","15412","6","3","1","TTGGGA","CTA","TCCTAA"
"6-8-1","15417","6","8","1","ACTATC","CTAAATGT","GATCGT"
"6-10-1","15444","6","10","1","CAAACA","TACTGCGTAT","TGTTAG"
"6-1-0","15512","6","1","0","GATAGA","T","TCTATC"
"6-10-1","15527","6","10","1","CTTGCG","AACGAGTGCG","CCCAAG"
"6-2-1","15530","6","2","1","GCGAAC","GA","GTGCGC"
"6-7-1","15545","6","7","1","CAAGTT","TTGAGTG","AAATTG"
"8-8-1","15605","8","8","1","AGTAGTGG","GGATGCAA","CCACTGCT"
"6-9-1","15605","6","9","1","AGTAGT","GGGGATGCA","ACCACT"
"6-8-1","15631","6","8","1","TGCTAA","TTCTGTGT","TTAACA"
"6-2-1","15645","6","2","1","TTAACA","TT","TGTCAA"
"7-9-1","15673","7","9","1","TGTATGC","TCGCTTATG","GCATGCA"
"6-0-1","15686","6","0","1","ATGGCA","","TGCAAT"
"6-9-1","15692","6","9","1","TGCAAT","GGACACAAA","ATTGAA"
"7-8-1","15700","7","8","1","ACACAAA","ATTGAAGA","TTTGAGT"
"6-4-1","15809","6","4","1","TTAAAT","AAGC","ATTTTA"
"6-9-1","15815","6","9","1","AAGCAT","TTTAGTATG","ATGATT"
"7-3-0","15886","7","3","0","TTATATT","GCT","AATATAA"
"6-6-1","15918","6","6","1","TATTAT","ATTATC","AAAATA"
"8-3-1","15919","8","3","1","ATTATATT","ATC","AAAATAAT"
"7-4-1","15922","7","4","1","ATATTAT","CAAA","ATAATGT"
"6-1-1","15923","6","1","1","TATTAT","C","AAAATA"
"6-5-1","15931","6","5","1","AAATAA","TGTGT","TTATGT"
"6-4-1","15997","6","4","1","ATTTTG","TTCT","CAACAT"
"6-3-1","15999","6","3","1","TTTGTT","CTC","AACATA"
"9-10-1","16028","9","10","1","ATGGATGGT","GATGAAGTCT","ACCTTCCAT"
"6-3-1","16061","6","3","1","GATCCT","TCG","AGAATC"
"6-6-1","16120","6","6","1","CGTTCT","CTTGAT","AGAGCG"
"6-2-1","16163","6","2","1","TATCCT","TT","AGTATA"
"6-9-1","16198","6","9","1","AAATGT","GTTCCGGGT","ATATTT"
"6-3-0","16212","6","3","0","TATATT","TAG","AATATA"
"6-3-1","16216","6","3","1","TTTAGA","ATA","TATAAA"
"7-8-1","16242","7","8","1","ATGATCT","CGGTAATC","AGATCCT"
"8-3-1","16289","8","3","1","ACTTGTGA","TGG","TCAAAAGT"
"7-10-1","16302","7","10","1","AAAAGTT","TACTGATGAG","ACCTTTT"
"6-2-1","16325","6","2","1","TACAAG","AA","CATGTA"
"6-10-1","16358","6","10","1","CAAAGC","GTTGGTGCCT","GCGTTG"
"6-7-1","16378","6","7","1","TGTCTG","TAGTTCT","CAAACA"
"6-0-1","16414","6","0","1","TTGCAT","","ACGCAA"
"8-6-1","16426","8","6","1","GCCTTTGC","TGTGTT","GCAAATGC"
"6-6-1","16541","6","6","1","ACCAAA","TTGTAT","TTAGGT"
"6-3-1","16542","6","3","1","CCAAAT","TGT","ATTTAG"
"7-4-1","16570","7","4","1","TTATTGT","GAGG","ACCATAA"
"6-9-0","16599","6","9","0","CATTCA","AATTGGTGA","TGAATG"
"6-7-1","16625","6","7","1","GTTTTT","GGTTTAT","ATAAAC"
"6-5-1","16629","6","5","1","TTGGTT","TATAT","AAACAA"
"8-0-1","16630","8","0","1","TGGTTTAT","","ATAAACAA"
"6-1-0","16674","6","1","0","ATTTTA","A","TAAAAT"
"6-0-1","16683","6","0","1","AAATAG","","CTAGTT"
"6-4-1","16699","6","4","1","ATGGAC","AGAA","GTCGAT"
"6-8-1","16703","6","8","1","ACAGAA","GTCGATGA","TTATGT"
"6-9-1","16714","6","9","1","TGATTA","TGTGCTAGC","TAATGA"
"8-4-1","16775","8","4","1","AAGGCCAC","AGAA","GAGGCCTT"
"6-5-0","16817","6","5","0","ACGATC","CGTGA","GATCGT"
"6-2-1","16845","6","2","1","AGTTAA","TT","TTATCT"
"6-10-1","16852","6","10","1","TTTATC","TTGGGAAATT","GGTAAA"
"7-7-1","16870","7","7","1","TAAAGTG","AGACCAC","CACTTAA"
"7-4-1","16885","7","4","1","ACTTAAT","AAAA","ATTATGT"
"6-8-1","16888","6","8","1","TAATAA","AAATTATG","TTTTTA"
"8-5-1","16889","8","5","1","AATAAAAA","TTATG","TTTTTACT"
"6-1-1","16892","6","1","1","AAAAAT","T","ATGTTT"
"9-4-1","16913","9","4","1","TACCATTTT","ACTA","ATAATGGTA"
"6-4-1","16920","6","4","1","TTACTA","ATAA","TGGTAA"
"6-1-1","16933","6","1","1","TAAGAC","A","GTTTTA"
"7-10-0","17025","7","10","0","GTGATGT","GTTCATTTTA","ACATCAC"
"6-9-1","17029","6","9","1","TGTGTT","CATTTTAAC","ATCACA"
"6-2-1","17031","6","2","1","TGTTCA","TT","TTAACA"
"7-9-1","17070","7","9","1","CTCCTAC","ATTAGTACC","GCAGGAG"
"9-7-1","17097","9","7","1","ATACTAGCA","TTCGTTT","TGCTAGTGT"
"7-0-1","17133","7","0","1","CTGAGAC","","GTTTCAG"
"7-10-0","17150","7","10","0","AATGTGC","CTAATTATCA","GCACATT"
"7-4-1","17209","7","4","1","TGGTACT","GGTA","AGTCCCA"
"9-4-1","17225","9","4","1","CATCTAGCC","ATTG","GGCTAGCTG"
"6-6-1","17257","6","6","1","TACAGC","GCGCGT","GGTGTA"
"6-6-1","17307","6","6","1","TGTGTG","AAAAGG","CACATA"
"6-10-1","17311","6","10","1","TGAAAA","GGCACATAAA","TTTTTA"
"6-2-1","17324","6","2","1","AAATTT","TT","AAATAT"
"7-0-1","17325","7","0","1","AATTTTT","","AAATATT"
"6-9-1","17345","6","9","1","TGCACG","CGTATTGTT","CCTGCA"
"6-9-1","17376","6","9","1","TAGATT","GTTATGATA","AATTTA"
"6-2-1","17426","6","2","1","TTTACT","AC","AATAAA"
"6-0-1","17462","6","0","1","GACATT","","ATTGTC"
"8-4-1","17482","8","4","1","AGTTAGTA","TGCT","TACCAACT"
"8-1-1","17509","8","1","1","GTCTGTTA","T","TAACAGTC"
"7-4-1","17516","7","4","1","ATTAACA","GTCG","TGTTAGT"
"6-10-1","17517","6","10","1","TTAACA","GTCGTGTTAG","TGCTAA"
"7-1-1","17530","7","1","1","TAGTGCT","A","AGCATTA"
"6-4-1","17540","6","4","1","CATTAT","GTGT","ATATTG"
"6-0-1","17566","6","0","1","GCAGTT","","ACCTGC"
"6-9-1","17634","6","9","1","CCAAGC","TAATGTGTT","GTTTGG"
"8-5-1","17671","8","5","1","GGGCACCT","GTTAT","AGATGCCC"
"6-0-1","17725","6","0","1","TTATAA","","TAATAA"
"6-9-1","17795","6","9","1","ACTACA","CATGAGAGT","TCTAGT"
"6-1-1","17823","6","1","1","ATATGC","A","GCAAAT"
"6-2-1","17865","6","2","1","ACCCCA","GT","TGGAGT"
"7-2-1","17889","7","2","1","TTATTAG","TC","CTTATAA"
"7-10-1","17893","7","10","1","TAGTCCT","TATAATAGTC","AGAACTA"
"6-3-1","17922","6","3","1","CTAAGA","GAG","TCTTGG"
"7-9-1","17930","7","9","1","GTCTTGG","GATTACAAA","CCCAGAC"
"7-2-1","17934","7","2","1","TGGGATT","AC","AAACCCA"
"6-9-1","17958","6","9","1","ACTCAG","CGCAGGGTT","CTGAAT"
"6-9-1","17974","6","9","1","TGAATA","TGATTTTGT","TATTTA"
"10-7-1","17998","10","7","1","ACAGACTGCG","GAAACAG","CGCATTCTGT"
"6-2-1","18026","6","2","1","AATGTA","AA","TAGATT"
"6-1-1","18154","6","1","1","ATTACA","G","TGTACT"
"7-5-1","18232","7","5","1","TTTGGCA","GTTGA","TGACAAA"
"6-8-1","18267","6","8","1","ATTTAG","CCGTTTGC","CTTAAT"
"7-0-1","18334","7","0","1","ATTCAAG","","CTTGACT"
"6-5-1","18364","6","5","1","TTGTAA","GCTGT","TTATAA"
"6-8-1","18377","6","8","1","ATAACT","AGAGATGA","AGCTAT"
"6-4-1","18393","6","4","1","CTATCA","AACG","TGTTAG"
"6-2-1","18396","6","2","1","TCAAAC","GT","GTTAGA"
"7-5-1","18441","7","5","1","ATGCGAT","ACGTG","ATAGCAT"
"7-2-1","18460","7","2","1","TGGGACA","AA","TTTCCCA"
"6-9-1","18465","6","9","1","CAAATT","TCCCATTAC","AATTAG"
"6-4-1","18539","6","4","1","AGAGAT","GGTT","ATGTCT"
"7-2-1","18550","7","2","1","TGTCTTT","AA","AAAGGCA"
"6-3-1","18570","6","3","1","CACGAG","CTC","CTCCTG"
"7-5-1","18607","7","5","1","CCCACTT","ATGTC","AAGAGGG"
"6-0-1","18642","6","0","1","TTCGAA","","TTAGAA"
"6-1-1","18664","6","1","1","GTTGTC","A","GACCAC"
"7-10-1","18712","7","10","1","GTGGGCT","GCCAGCTTTG","AGCTCAC"
"6-0-1","18725","6","0","1","TTTGAG","","CTCACA"
"7-4-1","18739","7","4","1","TTTGCGA","TATT","TCGCTAA"
"6-9-1","18749","6","9","1","TTCGCT","AAAGTTGGA","AGAGAA"
"6-3-1","18775","6","3","1","GTGTAG","TGT","CTGCAC"
"6-4-1","18804","6","4","1","GTTTTA","ATTC","TAGAAC"
"6-0-1","18809","6","0","1","AATTCT","","AGAACT"
"6-1-1","18872","6","1","1","CCACTA","A","TAGTTG"
"6-3-1","18936","6","3","1","TTTGCA","GCG","TGCATA"
"6-4-1","18947","6","4","1","CATAAG","GGTG","CTCATG"
"6-0-1","18960","6","0","1","ATGTTG","","CATCAT"
"8-2-1","18963","8","2","1","TTGCATCA","TC","TGATGCTA"
"6-8-1","18966","6","8","1","CATCAT","CTGATGCT","ATCATG"
"6-1-1","18967","6","1","1","ATCATC","T","GATGCT"
"6-2-1","19026","6","2","1","TTAATT","GG","AATTTA"
"6-3-1","19032","6","3","1","GGAATT","TAG","AATACC"
"8-6-1","19044","8","6","1","ACCCCATT","ATTTCA","AATGAGGT"
"6-1-1","19050","6","1","1","TTATTT","C","AAATGA"
"7-10-1","19059","7","10","1","ATGAGGT","CAGTGTTAAT","ACCTCCT"
"6-8-1","19073","6","8","1","AATACC","TCCTGCAG","GTTATT"
"6-1-1","19076","6","1","1","ACCTCC","T","GCAGGT"
"7-10-1","19093","7","10","1","GCAGCGC","GTAATGTTTA","GGGCTGC"
"6-10-1","19148","6","10","1","GACATT","GGCAACCCTA","AAGGTC"
"6-1-1","19173","6","1","1","CCTGTG","T","CAAAGG"
"6-6-1","19219","6","6","1","TGTTAA","GTCTGT","TAAACA"
"6-3-0","19231","6","3","0","TAAACA","GTT","TGTTTA"
"6-0-1","19240","6","0","1","TGTTTA","","TAAATA"
"7-2-1","19261","7","2","1","TAAAGAT","CA","ATTTTTA"
"6-2-0","19308","6","2","0","TGGATA","AG","TATCCA"
"6-7-1","19334","6","7","1","GTGTGT","AGGTTTG","ACACGC"
"6-0-1","19347","6","0","1","ACACGC","","GTGTGT"
"6-1-1","19354","6","1","1","TGTGTT","G","AACAAA"
"6-10-1","19366","6","10","1","ATTAAA","TCTCCCTGGC","TGTAAT"
"6-6-0","19395","6","6","0","GTTTGT","ATGTTA","ACAAAC"
"8-0-1","19398","8","0","1","TGTATGTT","","AACAAACA"
"6-8-1","19426","6","8","1","CAGTCC","CTTTACCC","GGGCTG"
"6-4-1","19447","6","4","1","CTTCGA","GAAT","TTGAAG"
"7-9-1","19485","7","9","1","CAGATAC","GCCCTGTGT","GTATATG"
"6-6-1","19518","6","6","1","AATCTA","AGCAGG","TCGATT"
"6-4-0","19559","6","4","0","TGCATC","ACAA","GATGCA"
"7-8-1","19673","7","8","1","TATAAGA","CTTTTGAT","TTTTATA"
"6-1-1","19719","6","1","1","TCCAAA","G","TTTAGA"
"6-7-1","19752","6","7","1","TCAATG","CTGGACA","CTTTGA"
"6-5-1","19785","6","5","1","AACTGC","CTTGT","GCTGTT"
"6-10-1","19843","6","10","1","CGTGGT","CTTTAAAAAT","AACACG"
"6-0-0","19925","6","0","0","GAGCTT","","AAGCTC"
"6-2-1","19928","6","2","1","CTTAAG","CT","CTTTAG"
"6-9-0","19955","6","9","0","GACGTG","TGCTGGAGT","CACGTC"
"7-8-1","19974","7","8","1","TCCTTTG","GGATTATG","CTAAGGA"
"6-1-1","19985","6","1","1","TATGCT","A","AGGATA"
"8-6-1","20026","8","6","1","CTGCAAAT","ACACAG","ATTTACAG"
"7-9-1","20031","7","9","1","AATACAC","AGATTTACA","GTGCATT"
"8-9-1","20046","8","9","1","AGTGCATT","GAAAGCTTG","AATGTACT"
"7-3-1","20095","7","3","1","TCTTGAA","GCT","TTTAAGA"
"6-10-1","20122","6","10","1","TGGCGT","CTACATTAAC","ACGACA"
"7-9-1","20139","7","9","1","CGACAAA","AATTAAAAG","TCTGTCG"
"6-7-1","20218","6","7","1","AGATTC","TGATGTG","GAATTT"
"7-3-1","20260","7","3","1","TGACGAT","GTT","ATCTTCA"
"6-9-1","20355","6","9","1","GCGGTA","ATGAAGCTC","TAGCGC"
"6-3-1","20370","6","3","1","TAGCGC","GTG","GCACTA"
"9-4-1","20394","9","4","1","AAAGCAGAT","TATT","ATCTTCTTT"
"6-5-1","20418","6","5","1","CACCTC","GATCA","GAGATG"
"7-3-1","20421","7","3","1","CTCGATC","AGA","GATGGAG"
"6-0-1","20476","6","0","1","AAAATA","","TAGTTT"
"7-2-1","20496","7","2","1","ACGCGTT","TG","AACACGT"
"6-3-1","20503","6","3","1","TGAACA","CGT","TGTTTA"
"6-9-1","20512","6","9","1","TGTTTA","TGGTAGTTT","TAACCA"
"7-7-1","20515","7","7","1","TTATGGT","AGTTTTA","ACCAGAA"
"6-2-1","20602","6","2","1","TCAAGA","GT","TCGTGA"
"7-9-1","20618","7","9","1","TACGACT","CTAGCATTC","ATTCGTA"
"8-7-1","20644","8","7","1","TATCACTG","ACGAGAA","CAGTGGTA"
"8-4-1","20671","8","4","1","TAAGAGTG","TGTG","CACTGTTA"
"7-2-1","20716","7","2","1","GGACATT","GT","AAAGTCC"
"6-7-1","20768","6","7","1","AATGTT","GATTTTA","AAGATT"
"9-0-1","20814","9","0","1","AGAAGGTCA","","TGACTTTCT"
"6-3-1","20954","6","3","1","CCTACA","GGA","TGTATG"
"6-0-1","20980","6","0","1","TAAGTA","","TACTCA"
"9-4-1","20988","9","4","1","CTCAATTAT","GTCA","ATATTTGAG"
"6-10-1","21000","6","10","1","AATATT","TGAGCACTAC","AACATT"
"8-3-1","21019","8","3","1","ATTAGCAG","TTC","CGGCTAAT"
"6-1-1","21100","6","1","1","TAGGCA","G","TGGCTA"
"6-1-1","21159","6","1","1","GTGACA","G","TGTCGC"
"8-6-1","21207","8","6","1","ATTGTCAG","TGGGAT","CTGATAAT"
"6-5-1","21219","6","5","1","ATCTGA","TAATT","TCTGAT"
"6-3-1","21238","6","3","1","GTACGA","CCC","TCTTAC"
"6-7-1","21258","6","7","1","ACATTG","GGGAGTA","CAACGT"
"11-5-1","21275","11","5","1","GTGAGTAAAGA","TGGAT","TCTTTACTTAC"
"6-5-1","21352","6","5","1","AAAAAT","AACAG","AGTTTT"
"7-7-1","21360","7","7","1","CAGAGTT","TTCTTGG","AACGCTG"
"7-9-1","21401","7","9","1","AAGTTTG","CGTTCTGGA","CAATCTT"
"7-5-1","21457","7","5","1","ATTTTTG","ATTGG","CATAAAT"
"6-5-1","21530","6","5","1","CTGTTT","TGGAG","AAATAG"
"6-1-1","21595","6","1","1","CCCTTT","G","AAAGCG"
"7-6-1","21613","7","6","1","TACGGCT","GTTGTT","AGCCTTA"
"6-9-1","21638","6","9","1","GACCAA","ATAAATGAC","TTAGTC"
"6-1-1","21648","6","1","1","ATGACT","T","AGTCCT"
"6-7-1","21658","6","7","1","CCTCTC","CTTGATT","GAGAAG"
"6-3-0","21690","6","3","0","TGCGTG","ATA","CACGCA"
"6-10-1","21701","6","10","1","CGCAAA","GAAGTTTTTG","TTGGCG"
"6-2-1","21703","6","2","1","CAAAGA","AG","TTTTTG"
"6-6-1","21739","6","6","1","CAAATA","AATCTA","TACTTG"
"6-1-1","21878","6","1","1","TTTAGA","C","TGTAAA"
"6-1-0","21884","6","1","0","CTGTAA","A","TTACAG"
"8-3-1","21921","8","3","1","CTGCTTGA","TAT","TAAAGCAG"
"6-9-1","21945","6","9","1","TACAAA","CAGGTGGAA","TTTGCA"
"6-0-1","22096","6","0","1","TTCTCC","","GCAGAA"
"6-10-1","22109","6","10","1","GGGTTG","CACGGCAGAT","CAATCC"
"7-3-0","22126","7","3","0","AATCCAG","ACA","CTGGATT"
"6-3-1","22197","6","3","1","TTCTAT","CAT","AAAGAA"
"6-5-1","22283","6","5","1","AATAGA","TGGGT","TTTATT"
"7-6-0","22328","7","6","0","GAGGCTT","TGTTAT","AAGCCTC"
"8-10-1","22352","8","10","1","ACCCAAAT","TCAGTGATAT","ATTTGGCT"
"10-3-1","22501","10","3","1","ACGATAATAG","CAT","CTATTTTCGT"
"11-1-1","22561","11","1","1","TTTTTACACTA","T","TAGTGTAATAA"
"7-0-0","22578","7","0","0","TAATAAG","","CTTATTA"
"6-1-0","22672","6","1","0","GGTTCA","A","TGAACC"
"6-10-1","22679","6","10","1","TGAACC","TCTTAACATC","GTTTCA"
"8-7-1","22691","8","7","1","CATCGTTT","CACATTT","AAATGATG"
"6-5-0","22732","6","5","0","ACAGTC","GTTCT","GACTGT"
"6-8-1","22784","6","8","1","TTGGCT","TGACCTCG","ACCCAA"
"6-2-1","22798","6","2","1","ACCCAA","AG","TTGTGT"
"8-6-1","22832","8","6","1","AAAGAGTG","GTAACT","CTCTCTTT"
"7-4-1","22832","7","4","1","AAAGAGT","GGTA","ACTCTCT"
"6-4-1","22834","6","4","1","AGAGTG","GTAA","CTCTCT"
"8-8-1","22936","8","8","1","CCAGCCAT","GGCTTTAA","ATGCCTGG"
"7-10-1","22938","7","10","1","AGCCATG","GCTTTAAATG","CCTGGCT"
"6-1-1","22944","6","1","1","GGCTTT","A","AATGCC"
"6-9-1","23079","6","9","1","AATGCA","AAGCCCGCC","TCCATT"
"7-5-1","23132","7","5","1","CACCTTC","ATATC","GAAGGAG"
"6-3-1","23153","6","3","1","TAATTA","TGT","TGATTA"
"7-4-1","23153","7","4","1","TAATTAT","GTTG","ATTATTA"
"7-8-1","23176","7","8","1","AGAGTGA","GGCTAATT","TCACACT"
"6-8-1","23178","6","8","1","AGTGAG","GCTAATTT","CACACT"
"6-2-1","23242","6","2","1","GCCATT","CC","AAGGGC"
"6-1-1","23250","6","1","1","AAGGGC","A","GCTCTT"
"6-9-0","23253","6","9","0","GGCAGC","TCTTCGGAT","GCTGCC"
"7-1-1","23288","7","1","1","TGACTCT","C","AGAGTTA"
"6-4-1","23353","6","4","1","TTGGCA","ACAC","TGCTAA"
"6-3-1","23391","6","3","1","TGCAGG","TAT","CTTGCA"
"9-6-1","23419","9","6","1","ATTATAAGG","CTGTGT","CCTTAGAAT"
"6-0-1","23447","6","0","1","GTTAAG","","CTTACC"
"6-3-1","23455","6","3","1","TACCCT","CAA","AGGCTA"
"6-1-1","23464","6","1","1","AGGCTA","T","TTGCCT"
"7-5-1","23470","7","5","1","TTTGCCT","CCATA","AGACAAA"
"7-0-1","23484","7","0","1","ACAAAGC","","GCTTTAT"
"6-2-1","23497","6","2","1","TGCCTG","TG","CAGGTA"
"6-2-1","23515","6","2","1","ACTCAA","GG","TGGAGT"
"6-6-1","23521","6","6","1","GGTGGA","GTAGCA","TCCGCC"
"6-3-1","23540","6","3","1","GTCAGA","CAA","TATGAC"
"6-7-1","23551","6","7","1","TGACCG","CTGCAGC","CTGTCA"
"6-8-1","23554","6","8","1","CCGCTG","CAGCCTGT","CAGCTG"
"6-0-1","23565","6","0","1","TGTCAG","","CTGCCA"
"6-4-1","23580","6","4","1","TGTTTC","TTTC","GCAACA"
"6-7-0","23587","6","7","0","TTCGCA","ACACATC","TGCGAA"
"8-0-1","23622","8","0","1","CATGATGC","","GCACCATG"
"6-5-1","23651","6","5","1","CAGGCA","GTTAT","TGTCTG"
"6-1-1","23712","6","1","1","CTTTAT","A","ATAATG"
"6-8-1","23763","6","8","1","CCAACG","GCAGCTAA","CATTGG"
"7-7-0","23805","7","7","0","TATGACC","CTCTCCC","GGTCATA"
"8-5-1","23924","8","5","1","TAAACATG","CTGTT","CGTGTTTA"
"6-7-1","23954","6","7","1","TGCCCT","CTTGTTT","AGGGTA"
"6-0-1","24000","6","0","1","TGTGAA","","TTCAAA"
"11-9-1","24014","11","9","1","GTGCTAATGTT","AGTGCTCCA","AGCATTAGCAC"
"8-9-1","24023","8","9","1","TTAGTGCT","CCAAGCATT","AGCACTGA"
"7-3-1","24024","7","3","1","TAGTGCT","CCA","AGCATTA"
"6-7-1","24045","6","7","1","TGAGAC","CGTTGAA","GTTTCA"
"6-1-1","24076","6","1","1","ACATAT","T","ATGTGT"
"6-7-1","24088","6","7","1","TTAGAT","CGAGTTT","ATTTAA"
"8-2-1","24145","8","2","1","GGTTCTAA","GT","TTAGAAAC"
"6-2-1","24151","6","2","1","AAGTTT","AG","AAACCT"
"8-1-1","24177","8","1","1","AACTAACT","C","AGTTAGCT"
"6-1-1","24177","6","1","1","AACTAA","C","TCAGTT"
"6-2-0","24198","6","2","0","GTGGTT","TC","AACCAC"
"6-5-1","24215","6","5","1","ATTTAA","GTCAG","TTTAAT"
"7-1-1","24247","7","1","1","AAGGTGC","A","GAACCTT"
"6-0-1","24278","6","0","1","CAGGTG","","CAACTG"
"6-9-1","24296","6","9","1","TTCCTA","CTATAGTTA","TAGGTA"
"6-5-1","24326","6","5","1","GCTATA","CTTCC","TATACC"
"9-8-1","24369","9","8","1","TATAATGGC","CTCAGTGT","GCCAGTATA"
"8-1-1","24410","8","1","1","CTTACACT","G","ATTGTAAG"
"6-1-1","24421","6","1","1","TGTAAG","C","CTAACA"
"6-6-1","24492","6","6","1","GTTAAA","GCGAAA","TTTCAC"
"7-8-1","24494","7","8","1","TAAAGCG","AAATTTCA","CGCTTAA"
"6-0-1","24498","6","0","1","GCGAAA","","TTTCAC"
"6-4-1","24541","6","4","1","CATTTT","TACC","AACATG"
"8-0-1","24547","8","0","1","TACCAACA","","TGGTGGTA"
"6-9-1","24558","6","9","1","TGGTAC","TTTTTATGC","GTACTA"
"8-7-1","24566","8","7","1","TTTATGCG","TACTATG","CGGATAAA"
"6-1-1","24620","6","1","1","ATATTG","G","CGATAT"
"7-6-0","24635","7","6","0","TAACACA","GTATTA","TGTGTTA"
"6-1-1","24635","6","1","1","TAACAC","A","GTATTA"
"6-8-1","24660","6","8","1","CATCTG","CAACCCAA","CAGCTG"
"7-8-1","24664","7","8","1","TGCAACC","CAACAGCT","GGTAGCA"
"6-9-1","24671","6","9","1","CAACAG","CTGGTAGCA","CTTTTG"
"6-4-1","24680","6","4","1","GTAGCA","CTTT","TGCTCC"
"6-9-1","24681","6","9","1","TAGCAC","TTTTGCTCC","GCGCTA"
"6-10-1","24719","6","10","1","TTAAGC","GCCAATATTT","GTTTAA"
"6-1-1","24735","6","1","1","GTTTAA","T","TTCAAC"
"6-4-1","24782","6","4","1","CTAGTA","GTTA","TACCAG"
"6-9-1","24809","6","9","1","GTAAGA","CCCAGAGCA","TGTTAC"
"7-10-1","24816","7","10","1","CCAGAGC","ATGTTACCTA","GCACTGG"
"6-9-1","24854","6","9","1","CCGGTT","ATACGGTCC","AACCAG"
"6-2-0","24866","6","2","0","TCCAAC","CA","GTTGGA"
"6-5-1","24923","6","5","1","AGGAGT","GGCTT","ACTGCT"
"7-9-1","24949","7","9","1","CCCTCCC","CTCTCAACT","GGGAGCG"
"6-2-1","24956","6","2","1","CTCTCA","AC","TGGGAG"
"6-2-1","24983","6","2","1","AGAATT","GT","AATTTT"
"6-1-1","24990","6","1","1","TAATTT","T","AATTTA"
"6-7-1","25058","6","7","1","CTTCCA","AAGTGTA","TGGCAG"
"7-5-1","25126","7","5","1","CAAGTTG","ATTTA","CAGCTTG"
"7-6-1","25132","7","6","1","GATTTAC","AGCTTG","GTAACTC"
"6-4-1","25150","6","4","1","TCTGGA","TTTC","TGCAGA"
"10-3-1","25187","10","3","1","CAGCTGCCAC","TTC","GTGTCAGCTG"
"6-6-1","25200","6","6","1","GTGTCA","GCTGCA","TTACAC"
"6-8-1","25256","6","8","1","CCTCGT","CTTGGAAT","AGGAGG"
"7-1-1","25297","7","1","1","GTCTTTG","G","CAAAAAC"
"6-9-1","25306","6","9","1","AAAAAC","CAACATGAC","GTTGTT"
"6-8-1","25308","6","8","1","AAACCA","ACATGACG","TTGTTT"
"7-5-1","25309","7","5","1","AACCAAC","ATGAC","GTTGTTT"
"6-4-1","25333","6","4","1","CAGCAA","TGTT","TTACTG"
"6-1-1","25341","6","1","1","TTTTAC","T","GTAAGA"
"6-10-1","25363","6","10","1","TGCCCG","TGTGCTCAAC","CGGACA"
"6-7-1","25402","6","7","1","ACTCAG","ACTAAGC","CTAAGT"
"9-1-1","25405","9","1","1","CAGACTAAG","C","CTAAGTCTG"
"6-9-1","25489","6","9","1","GATCCA","CATAAGGGT","TGTATC"
"6-7-1","25493","6","7","1","CACATA","AGGGTTG","TATCTG"
"7-5-1","25514","7","5","1","CCAACAA","TTCAT","TTATTGG"
"6-1-1","25568","6","1","1","GCCAAA","T","TTTTGC"
"6-6-1","25589","6","6","1","TGTTAA","ATGGCA","TTAATA"
"6-1-1","25592","6","1","1","TAAATG","G","CATTAA"
"7-5-1","25607","7","5","1","GTGGTAC","CACAT","GTTCCAC"
"6-8-1","25631","6","8","1","TGCAGT","TGCCTAAT","ACTGAA"
"6-0-1","25669","6","0","1","GTCAAA","","TATGAC"
"6-0-0","25728","6","0","0","CTATTA","","TAATAG"
"6-7-1","25784","6","7","1","TTCGTG","ATCTTAC","CACTAA"
"7-7-1","25813","7","7","1","ACGATAA","GGAGCTG","TTATAGT"
"6-8-1","25841","6","8","1","TTTCTG","CTGCATTT","CATAAA"
"7-5-1","25848","7","5","1","TGCATTT","CATAA","AGATGCA"
"6-9-1","25891","6","9","1","AATATA","AATTGTAGC","TATGTT"
"6-6-1","25902","6","6","1","TAGCTA","TGTTTT","TAGCAA"
"6-1-1","25916","6","1","1","GCAATA","A","TATTTC"
"6-6-1","25947","6","6","1","TAATTA","CTTTGA","TAGTTA"
"7-5-1","25948","7","5","1","AATTACT","TTGAT","AGTTATT"
"6-9-1","25990","6","9","1","AACCGC","ACGGATGAG","GCGCTT"
"6-5-1","26000","6","5","1","ATGAGG","CGCTT","CCTAAT"
"6-0-1","26048","6","0","1","TTGATT","","ATTCAA"
"7-2-1","26049","7","2","1","TGATTAT","TC","AAAATCA"
"6-0-1","26072","6","0","1","CTGACC","","GATCAG"
"7-2-1","26150","7","2","1","AATCCGT","TG","ATGGATT"
"6-5-1","26165","6","5","1","TATATG","AGATG","CAAATA"
"7-10-1","26211","7","10","1","GGAGTTC","ATTCAAACTA","GATCTCC"
"7-0-1","26279","7","0","1","CTGCATG","","CAGGCAG"
"7-5-1","26336","7","5","1","TTCTTAA","TGAGG","TTAATAA"
"9-1-1","26342","9","1","1","ATGAGGTTA","A","TAACCTCTT"
"7-1-1","26359","7","1","1","TTGGATA","A","TATGCAA"
"6-3-0","26370","6","3","0","GCAACT","ACA","AGTTGC"
"6-0-0","26388","6","0","0","TGCATT","","AATGCA"
"6-7-1","26424","6","7","1","GCCAGA","CGGCATC","TCAGGC"
"7-10-1","26431","7","10","1","GGCATCT","CAGGCCCTAT","AGATGAC"
"8-10-1","26447","8","10","1","TAGATGAC","ATTAATTTTA","GTCCTCTA"
"7-2-1","26487","7","2","1","TTCAACA","TG","TGCTGAA"
"6-2-1","26551","6","2","1","TTGTTA","TT","TGACAA"
"9-3-1","26554","9","3","1","TTATTTGAC","AAG","GTCAAATTA"
"6-1-1","26567","6","1","1","TCAAAT","T","ATCTGA"
"9-1-1","26617","9","1","1","GGTCAAGAA","G","TTCGTGACC"
"6-8-1","26621","6","8","1","AAGAAG","TTCGTGAC","CTCCTT"
"6-6-1","26651","6","6","1","CTTTTA","ATGGCA","TCAAAG"
"7-1-1","26653","7","1","1","TTTAATG","G","CATCAAA"
"8-6-1","26685","8","6","1","GTCAGAGA","GTCAGA","TCTCTGGC"
"7-2-1","26692","7","2","1","AGTCAGA","TC","TCTGGCT"
"6-1-1","26748","6","1","1","GTCAGC","A","GCTGCC"
"6-0-1","26750","6","0","1","CAGCAG","","CTGCCG"
"6-3-1","26768","6","3","1","CATTTA","GTT","TAAGTG"
"6-0-1","26783","6","0","1","TTCAAT","","ATAGAA"
"8-6-1","26810","8","6","1","TCACTATG","AATGTG","CTTAGTGA"
"7-7-1","26845","7","7","1","ATTGCTA","GTGCTTT","TAACAAT"
"6-3-1","26869","6","3","1","CTGGGT","GCT","ATCCAG"
"6-1-1","26876","6","1","1","CTATCC","A","GGATGG"
"7-6-1","26885","7","6","1","ATGGGTT","TGATGC","AACCAAT"
"6-2-1","26941","6","2","1","AATGCT","GA","AGCACT"
"7-8-1","26978","7","8","1","CTAACAG","GTTTGGTG","CTATTAG"
"6-4-1","27007","6","4","1","TTACAA","GAAA","TTCTAA"
"6-7-1","27033","6","7","1","GGCTGT","AGAAGCA","AAAGCC"
"6-1-1","27074","6","1","1","GCAGGT","T","AACTGC"
"7-0-1","27079","7","0","1","TTAACTG","","CACTTAA"
"6-5-1","27153","6","5","1","CATAGA","AAAGG","TCAATG"
"6-5-1","27214","6","5","1","GGTAAT","CATAT","ATTATC"
"6-0-1","27218","6","0","1","ATCATA","","TATTAT"
"6-6-1","27237","6","6","1","CCAGAA","TGCGCC","TTATGG"
"7-6-1","27331","7","6","1","GGTGATA","GAGGAT","TAGCACC"
"6-2-1","27362","6","2","1","ATTTTG","TT","CAAGAT"
"6-7-1","27397","6","7","1","GGCAGT","TCATATT","ACTACC"
"9-8-1","27449","9","8","1","TGAGTAGTT","GCGCAGTA","AACTACACA"
"8-10-1","27465","8","10","1","AAACTACA","CAAAGGCACC","TGAAGTTT"
"10-2-1","27483","10","2","1","TGAAGTTTTC","TT","GAACACTTCA"
"7-3-1","27491","7","3","1","TCTTGAA","CAC","TTCAATA"
"6-9-1","27513","6","9","1","TCCACC","CGACTTTAA","GGAGGA"
"9-7-1","27553","9","7","1","AATCAGACG","TCTATTG","CGCCTGATT"
"6-2-0","27582","6","2","0","TCTCGA","TT","TCGAGA"
"6-4-1","27595","6","4","1","AAGTTA","AATG","TTACTT"
"7-4-1","27650","7","4","1","CAATTAA","GAAG","TTAAATG"
"7-3-1","27678","7","3","1","CAACCTC","AAG","GAAGTTG"
"6-7-0","27696","6","7","0","CACATA","TGAAATG","TATGTG"
"6-1-1","27697","6","1","1","ACATAT","G","AAATGT"
"6-3-0","27738","6","3","0","GCTAAT","TGG","ATTAGC"
"7-3-1","27867","7","3","1","TATTGTG","ATA","CATAATA"
"6-10-1","27895","6","10","1","GAGGAT","TGACTATCAC","AGCCTC"
"6-1-1","27914","6","1","1","CTCTCC","T","GGAAAG"
"6-3-1","27935","6","3","1","TCTAAA","CAA","TTTATA"
"7-3-1","27948","7","3","1","TAGCATT","CTC","ATTGCTA"
"7-0-1","27984","7","0","1","GTCATAG","","CTATGGC"
"6-2-0","28050","6","2","0","TAGCAT","GT","ATGCTA"
"6-4-0","28061","6","4","0","CTAGGC","ATTG","GCCTAG"
"6-0-0","28085","6","0","0","TTGCAA","","TTGCAA"
"6-4-1","28110","6","4","1","ATGTTA","AGGA","TACCAT"
"9-2-1","28130","9","2","1","GTGACTGGC","AA","GCCAGCCAC"
"6-6-1","28133","6","6","1","ACTGGC","AAGCCA","GCCACT"
"6-7-1","28139","6","7","1","AAGCCA","GCCACTG","TGTCTT"
"6-1-1","28144","6","1","1","AGCCAC","T","GTGTCT"
"6-1-1","28155","6","1","1","CTTATA","C","TACAAG"
"6-3-1","28157","6","3","1","TATACT","ACA","AGTACA"
"9-6-1","28179","9","6","1","CACCGAGCG","CGACGA","CGCTCGATG"
"6-9-1","28220","6","9","1","ATTAGA","CCCACTAGC","TCTTAT"
"7-0-1","28234","7","0","1","CTCTTAT","","ACAAGAG"
"6-4-0","28252","6","4","0","TCTTGG","TACT","CCAAGA"
"6-1-1","28289","6","1","1","GGGCCT","A","AGACCC"
"7-6-0","28302","7","6","0","TAGATTA","TGTTAC","TAATCTA"
"7-2-1","28387","7","2","1","GCCACAT","GG","ATTTGGC"
"6-7-0","28389","6","7","0","CACATG","GATTTGG","CATGTG"
"9-5-1","28481","9","5","1","ATAGCCAAC","CCCGA","GTTGGTTAT"
"6-6-1","28523","6","6","1","CTTGGT","GTAGCA","ACCAGG"
"10-8-1","28538","10","8","1","AGGGTAAATT","TGCAGCGC","AGTTTACCCT"
"7-10-1","28656","7","10","1","AGAAGAA","GCTGTTGATT","TTATTCT"
"7-5-1","28701","7","5","1","AAGAAAT","GTTTA","ATTTATT"
"6-7-1","28720","6","7","1","CCTTAC","AGACACA","GTATGG"
"6-8-1","28724","6","8","1","ACAGAC","ACAGTATG","GTATGT"
"6-4-1","28750","6","4","1","GATTAT","TTTT","ATATTC"
"7-1-1","28776","7","1","1","TGATGGT","C","ACCATAA"
"6-1-1","28783","6","1","1","CACCAT","A","ATTGTG"
"7-0-1","28784","7","0","1","ACCATAA","","TTGTGGT"
"7-7-1","28816","7","7","1","CAAACTT","TGTATTC","AACTTTG"
"8-3-1","28898","8","3","1","CTTTATAA","GTA","TTATAATG"
"6-1-1","28931","6","1","1","CCCCTA","T","TAGAGG"
"6-10-1","28954","6","10","1","CTAATC","TAAACATTAT","GAGTAG"
"6-2-1","28955","6","2","1","TAATCT","AA","ACATTA"
"8-0-0","28969","8","0","0","TGAGTAGT","","ACTACTCA"
"6-2-1","28981","6","2","1","CTCAGG","CC","CCAGAG"
"8-2-1","28996","8","2","1","CCGTCTAT","CA","ATGGACGG"
"6-5-1","29010","6","5","1","ACGGCC","GACGA","GGCAGT"
"13-0-1","29024","13","0","1","AGTTCAATTCCTT","","AAGGAATGGAACT"
"6-9-1","29029","6","9","1","AATTCC","TTAAGGAAT","GGAACT"
"6-8-1","29064","6","8","1","ATACTA","CTCTTTAT","TACTAT"
"6-1-1","29078","6","1","1","TACTAT","C","ATACTA"
"6-9-1","29119","6","9","1","TTATTT","ATGTTGTGA","AAATGA"
"7-4-0","29227","7","4","0","CTATAGT","GTTT","ACTATAG"
"7-7-1","29236","7","7","1","TTACTAT","AGTGTCC","ATTGTAA"
"6-2-1","29294","6","2","1","TATCAG","GA","CTGGTA"
"6-5-1","29305","6","5","1","GTAGCT","GGTGG","AGCTTC"
"6-3-1","29311","6","3","1","GGTGGA","GCT","TCAACC"
"6-3-1","29404","6","3","1","TAACAG","CCA","CTATTA"
"7-4-1","29409","7","4","1","GCCACTA","TTAT","TCGTGGC"
"7-10-1","29489","7","10","1","TGTTACA","GTTGCTAAGG","TGTCACA"
"11-1-1","29498","11","1","1","TGCTAAGGTGT","C","ACACCTTTGCA"
"7-0-1","29518","7","0","1","GCACTTA","","TAAGCGC"
"6-8-1","29523","6","8","1","TATAAG","CGCGCATT","CTTAGA"
"8-0-1","29589","8","0","1","GTCGGAAA","","TTACCGAC"
"7-6-1","29642","7","6","1","GTTGAGA","ATCTAA","TCTAAAC"
"7-7-1","29674","7","7","1","TTTTGTT","CCTGGGC","AAGAAAA"
"6-2-1","29679","6","2","1","TTCCTG","GG","CAAGAA"
"6-2-1","29704","6","2","1","CAGAAG","CT","CCTCTG"
"6-7-1","29741","6","7","1","CTCAAG","AAGACCA","CTTGGG"
"6-2-1","29748","6","2","1","AGACCA","CT","TGGGCT"
"6-1-1","29755","6","1","1","TTGGGC","T","GACCAA"
"6-5-1","29798","6","5","1","GGCAGA","AGGAA","TCAGCC"
"6-10-1","29869","6","10","1","CTGGTT","TTCTGGCATT","ACCCAG"
"6-10-1","29883","6","10","1","TTACCC","AGTTCCAAAA","GGGAAA"
"6-1-1","29937","6","1","1","CTATTG","C","CAATGG"
"6-0-1","29999","6","0","1","TCTTTT","","AAAACA"
"6-2-1","30012","6","2","1","CTGATG","GG","CAGCAG"
"9-8-1","30016","9","8","1","TGGGCAGCA","GAAGCAAT","TACTGCCCA"
"6-5-1","30022","6","5","1","GCAGAA","GCAAT","TACTGC"
"6-10-1","30030","6","10","1","AATTAC","TGCCCAGATG","GTATTT"
"8-4-1","30041","8","4","1","AGATGGTA","TTTT","TACTATCT"
"7-3-1","30069","7","3","1","GGCCCCA","TGC","TGGAGCC"
"7-6-1","30094","7","6","1","AGACAGC","ATTGAA","GGTGTCT"
"7-6-1","30142","7","6","1","CAATACC","CGCTCT","GATATTG"
"6-4-1","30252","6","4","1","GAAGGT","CTGC","ACCTGC"
"6-2-1","30505","6","2","1","GCAGTG","CC","CAGTGC"
"6-8-1","30506","6","8","1","CAGTGC","CCAGTGCA","GCAGTG"
"6-1-1","30513","6","1","1","CAGTGC","A","GCAGTG"
"6-8-1","30541","6","8","1","CCCCAA","TCAGAATT","TTGGAG"
"6-4-1","30580","6","4","1","TGGAAC","TAGT","GATCCA"
"6-10-0","30581","6","10","0","GGAACT","AGTGATCCAC","AGTTCC"
"6-6-1","30609","6","6","1","TTGCAG","AGTTGG","CTCCAA"
"9-1-1","30619","9","1","1","GGCTCCAAC","A","GTTGGTGCC"
"6-0-1","30644","6","0","1","TTTGGA","","TCTAAA"
"6-10-0","30658","6","10","0","AGAATT","GGTCAAAAAG","AATTCT"
"7-9-1","30714","7","9","1","AGCTGCA","ATATTCAGG","TGCAGTT"
"6-7-1","30736","6","7","1","TAGATT","TGATAGT","ACTCTA"
"7-0-1","30767","7","0","1","ACTATCA","","TGAAAGT"
"6-6-1","30802","6","6","1","CTACCA","GAAGGA","TGGTGG"
"6-9-1","30839","6","9","1","AAGCCC","CAAAGAAAA","GGGCGT"
"6-10-1","30899","6","10","1","AGCGTT","GCAAAGCCCA","AAAGCT"
"6-0-1","30900","6","0","1","GCGTTG","","CAAAGC"
"7-10-1","30904","7","10","1","TGCAAAG","CCCAAAAGCT","CTGTGCA"
"6-6-1","30906","6","6","1","CAAAGC","CCAAAA","GCTCTG"
"6-5-1","31072","6","5","1","TCGCGA","GAAAG","TCGGGA"
"6-5-1","31094","6","5","1","CACTCT","CTATC","AGAATG"
"6-0-1","31120","6","0","1","CTGTCA","","TAACAG"
"6-0-1","31159","6","0","1","TCAATT","","AGTTGA"
"6-4-1","31167","6","4","1","TTGAAA","GAGA","TTGCAA"
